userID,studentID,name,lastname,hashpassword,email,phone
0,4022604305,Rezvan,Kazemi,$2a$12$AmrvxIbB2/PTJAILWtJJ/u/xEIbNkoTKfKt7Gl9aV2qPzgQubsP4m,Rezvan.Kazemi801@gmail.com,09651065286
1,4024828179,Kian,Jafari,$2a$12$tX7Lp1nx8oghUUJp73uEAOY5J4GwfWwl/r/evxATWiIwe4l5INMQS,KianJafari365@gmail.com,09624072199
2,4032070231,Chavosh,Amini,$2a$12$8W76TiGHC/U5oe2hI6GmrumBBkfk8/gVpT9QPwb6Q.E7BuZYWQhpe,ChavoshAmini575@gmail.com,09472853524
3,4026307892,Chavosh,Ebrahimi,$2a$12$yciLHt2Qe3cIvNgG/ImMHuXQnnhaXHhhrXdThcj7E2A1VrbxDvoqW,Chavosh.Ebrahimi.304@gmail.com,09451255502
4,4016789424,Amir,Fakhri,$2a$12$zHv0s4hStFn6.tLYQAFB4O9qWeB4Mxkj6CgSvbyUQZ4c6QZu8ADBa,Amir.Fakhri687@gmail.com,09331667952
5,4039899104,Shahin,Tehrani,$2a$12$K22KxK6wsUJqEgX4FWgn9.nImLJfvxSTBIUiH0PTgkafgbIAsJS2C,Shahin.Tehrani907@gmail.com,09978674742
6,4014163323,Amir Hossein,Maleki,$2a$12$E.RzWEu4MpS1PGf7ZQrIauPPkozS61VI7.m/ShAg14zbhxb9ge7Pu,Amir Hossein.Maleki999@gmail.com,09416865213
7,4021555306,Mohammad,Momeni,$2a$12$XzNVn9Nd02WTHZn2Cv5cbuTh4z9alF51bVNzfFJK.MU3FxJB.I7Ru,Mohammad.Momeni419@gmail.com,09128344034
8,4017104712,Bahram,Nazeri,$2a$12$Y3LW8Y2/vSpWl.nmWL8Bcuc1Zg06GCFXM2Ax8BgP3HhSXsWvE1AyG,BahramNazeri947@gmail.com,09811323713
9,4037634811,Reza,Rostami,$2a$12$0zYYkJz2GJdOTLrfaigxF.COQatd3row3h3JqFdqz9A6JV30VWI8O,RezaRostami875@gmail.com,09708641812
10,4027299180,Farangis,Esmaeili,$2a$12$LOZvDyGsqKQBsBjqIXhUJO/n0YmUUZPjdJtJHsdO.z4I3FNEjQHlS,FarangisEsmaeili.727@gmail.com,09439488931
11,4014274633,Kiana,Shafiei,$2a$12$ria/CkrAe7BJgn25PfzHk.FMo7TK1PlK2x5JpIrKuKFJI4RbBYSlS,KianaShafiei.438@gmail.com,09647855432
12,4024568694,Behrooz,Ramezani,$2a$12$Wk500KftjH10CdElI5hnCe6ehpdJ6PaRy9iT1h/mzEU3ZUXj2437.,BehroozRamezani.671@gmail.com,09498471300
13,4025113888,Amin,Amiri,$2a$12$E7H39R6tH5yaX0E0xRJckeCA9wq3WYmPGxwhbbZs3jL0n0EdmRekK,AminAmiri346@gmail.com,09698374858
14,4012568491,Niloofar,Khosravi,$2a$12$Ragc/sf..epad9NdBWivf.8PClAP.TNRBfTJ7IKpCBTe0Mmj04F2a,Niloofar.Khosravi.749@gmail.com,09927030397
15,4020197159,Ali,Farzaneh,$2a$12$pNlQi8viopjDyf7enn1G4.B5TBsDePDJnBl1jtasH97UmfgeEM19q,AliFarzaneh260@gmail.com,09405145089
16,4031652335,Marzieh,Farrokhi,$2a$12$JWwuiOigDm/b/4EQyFcVueJ2JjnI7Rk73ONtRwAW10Dmu0iIOnTDu,MarziehFarrokhi224@gmail.com,09350694617
17,4022792286,Rezvan,Farhadi,$2a$12$Bm8sPyqsnFjGLb/BglPkY.iMBDMiFhnR9xppQSaIa3jLbQA7Q9X5O,RezvanFarhadi677@gmail.com,09639466053
18,4027818953,Fatemeh,Ahmadi,$2a$12$IiBZ2D.T/LPLLXsH/AD7gueoqh5wmcDoNr3jA9638E4nen5BhkulK,Fatemeh.Ahmadi409@gmail.com,09941870496
19,4022593667,Amir,Nazeri,$2a$12$ik.cc4jpKSyxqqARmtheCeg3FXr8JMbVY0ug.MqIkiCMW1ucqDKn2,Amir.Nazeri230@gmail.com,09353453461
20,4028611307,Hasti,Khosravi,$2a$12$1iJ3DG.F5Nf5T33HLI9fkOtVohPWQzvZZKKG8zfN50z1XsikGUddS,Hasti.Khosravi.248@gmail.com,09380291005
21,4023785518,Neda,Khosravi,$2a$12$v49c1oP71qcC3GUicsBfduIGNoja6.3AU7dnYvGpFWAtFhsukaz5S,Neda.Khosravi329@gmail.com,09861315578
22,4018787576,Setare,Hatami,$2a$12$RcH5Jte5fippNE02XGB.g.uWcU59uJAJ0fQon/E1mv4gKKYfGB7V2,Setare.Hatami.494@gmail.com,09488801662
23,4012318903,Marzieh,Hashemi,$2a$12$tXGaq.o/kvFIAeC6X7NksuUPJQaQNqORfC/CTPDpiQFb0uaksOToW,MarziehHashemi927@gmail.com,09133439797
24,4028822001,Sajjad,Maleki,$2a$12$Z1/yRkeb96RkFhiC77sVeehyAdks4vYLOYcFwiCze4vSm/suxh1zq,SajjadMaleki.158@gmail.com,09666375356
25,4037661003,Ali,Ghasemi,$2a$12$RVRsysWWF1LYuoLvhueyYudca6f3SJls8vrXDqQf0AqhDInGI9Ade,AliGhasemi.587@gmail.com,09860281602
26,4036099691,Merhrdad,Nikzad,$2a$12$2W8EjAIkW9DaXqEBv5HgW.AocpWBfcorIuhUdToexCwmO946rZYwK,Merhrdad.Nikzad669@gmail.com,09979092950
27,4032937343,Amir Hossein,Mirzaei,$2a$12$Br.DtranXYhStVN0KY37qemv7gI71nQPaRsh/dlE..r6WFfPk497i,Amir Hossein.Mirzaei.511@gmail.com,09560565817
28,4037693803,Gholam,Esfehani,$2a$12$.3xUcRHIBcTKBPbcXtNEWeGQDUeYwer7tmsW7rAr1yHbbxyQQG3hi,GholamEsfehani670@gmail.com,09526009578
29,4024559931,Marzieh,Kamali,$2a$12$hA1Y566ICn3rj05dIN..VeOfxD7.IxyUZ.WW9vXUvIDKrgLMW7/iC,Marzieh.Kamali128@gmail.com,09350581390
30,4025019612,Soheila,Ghasemi,$2a$12$Ojw5AM03vDd.pgPKLr3IZ.bxLsZrZLIFMek99Rs8uQ/bwKTJgaUeG,Soheila.Ghasemi.912@gmail.com,09239829361
31,4031912472,Neda,Esfehani,$2a$12$God.KeHg75M.bzNDa7fSyOvx7TmDMBj87e1L6GSCdy0UCL0XuHVUa,Neda.Esfehani601@gmail.com,09554618183
32,4011453397,Reza,Amiri,$2a$12$s6hWTptu7WbkTpUVykjZ5.iRWD/wAMtC860HplUnJonJXWtQ9rGNa,Reza.Amiri983@gmail.com,09884463470
33,4025651699,Soheil,Esfehani,$2a$12$BsRd8g80jDpr7Bx//DVPpu/KXjpdjoFan1.8t7f4AR2Z.MYs1m9EK,Soheil.Esfehani.583@gmail.com,09228969159
34,4012247255,Bita,Amiri,$2a$12$3wUErbIskpsjzQELtmsrJuKPNNM.dDxVDmJAs5/Hk3NmIsSHbrM8e,BitaAmiri.127@gmail.com,09477748762
35,4025139734,Farangis,Ghasemi,$2a$12$b5MKQJ.31eMTDkpE7yRVI.mEuXOAdtvlZcl.Us3yRsu29yXk.RlJm,FarangisGhasemi440@gmail.com,09406671272
36,4013052165,Ali,Esmaeili,$2a$12$Z1finjCvFE38nFoXvAppauyuBaU.Aei1ScY5G8mQw1WZrFZTtE3o.,AliEsmaeili.954@gmail.com,09526966883
37,4012001590,Amin,Azizi,$2a$12$JCRG8Xj6Y1sHGjv6zlajBOwG0DZqSbUxcZhJMqc4zHyBi/84Hglni,Amin.Azizi803@gmail.com,09284247811
38,4020140761,Niloofar,Farzaneh,$2a$12$4FA0.PNL92niPqKhGSi1iugbAoYfuvotUdJ/jfHN8/6kOfFuyXJxy,Niloofar.Farzaneh.749@gmail.com,09978135392
39,4034519526,Behrooz,Kamali,$2a$12$4sN/5KhQuyNBLB./W9hxDef/wRcrJjMgapWN5l53oqLsHg3OjQ4Bu,BehroozKamali.214@gmail.com,09659674512
40,4017384792,Farangis,Heidari,$2a$12$wiYnWFiwP7JGzxu0LTBSyO.LeSxCg5wJJjiw08HieO6yD.cLK4HMC,Farangis.Heidari.589@gmail.com,09231422917
41,4028142638,Hasti,Ahmadi,$2a$12$O4cMfyZtsqLaA5iKmfV7IOw0sGwPs7275RWjS4aH3nSMvAnz7G1NW,Hasti.Ahmadi.722@gmail.com,09224729398
42,4028355164,Mohammad,Mirzaei,$2a$12$0GS8u3Zzj8Xm75DHOo9bqOJpOsrMePTdzFLF40wH58h4CoALYn0qC,MohammadMirzaei768@gmail.com,09466427186
43,4028011630,Setare,Farzaneh,$2a$12$UUJ6mas/q.LTdM4fGn6C/eTfQyu7xAM//eQmqGCUHQMqOlPDbWN9K,Setare.Farzaneh430@gmail.com,09861640749
44,4012273161,Chavosh,Khosravi,$2a$12$U9Qy9dz7ov0FaMjYLeJrUu2Mc.9RlBhw0jtFfEi7od7cIuB.0n/Vi,ChavoshKhosravi420@gmail.com,09610092307
45,4014243447,Mahdiyar,Amiri,$2a$12$L3WTh.H7A/Ujgzg2uHF7yOLCfUstdqk5.xUYjsfEgWZXISfRaH59S,Mahdiyar.Amiri.449@gmail.com,09748473571
46,4017096346,Merhrdad,Momeni,$2a$12$Bw6R5SpTU.W6DhEUO9ajqe5478gt/3iQx8RYOBSlOQKtPy40CWuWy,Merhrdad.Momeni717@gmail.com,09533681578
47,4030559871,Simin,Ramezani,$2a$12$B1FRcz7IXpoirVVdYIA5DO1vdVr7r57o7mvMqCS.oqRzxgSWKTS16,Simin.Ramezani359@gmail.com,09430675307
48,4028646786,Neda,Rahimi,$2a$12$Vql2st/mN4XDWcKhh6GIDuW84r4vmkueAeg.oMCEtpgjrXoIFMSpe,NedaRahimi.821@gmail.com,09750041630
49,4037650807,Amir,Amiri,$2a$12$k3Pkp2HEMOx8En1HtIlMweAY8EX0d1DLrL00oioV.3jgJLG/DUlru,AmirAmiri.667@gmail.com,09328562768
50,4017667068,Rezvan,Mirzaei,$2a$12$tDYhSx9pxYnpA78fQijtm.H5f.77fV4z4kYvubuJ5RzXcoPZ0wsKO,Rezvan.Mirzaei.748@gmail.com,09631002351
51,4027927159,Amin,Kazemi,$2a$12$ysmx2TqjHza7w3OKRZKBPuc8kvwnQeM2IoWb6w0c1t0JgP5HUPoFK,Amin.Kazemi285@gmail.com,09932493245
52,4011287222,Mina,Mirzaei,$2a$12$YKzMAfRTei6yzByJR6LHoeiB5P4Fx/Hbnrqy9v7XPDv09k8Uqul.e,MinaMirzaei102@gmail.com,09482120480
53,4028005229,Chavosh,Mirzaei,$2a$12$iyK5EAcDDQR94fw3ypS4I.QKd7pjvxZLz7DmGVf6bAfpkvko2Nsu6,ChavoshMirzaei258@gmail.com,09194425736
54,4031139372,Mahdiyar,Bagheri,$2a$12$ZU/HZj35Z2Wbch3cxnRrbuaDaPp2YfEMUjT5QRMiaqOqAHPxcwjVO,Mahdiyar.Bagheri.880@gmail.com,09519378397
55,4025277104,Farnoosh,Ahmadi,$2a$12$Tudn4S4Qjvs9pUX.Q2Z5zuRVJKFSVN4qeTRwolhHyNGx3P2l8729m,Farnoosh.Ahmadi.366@gmail.com,09352861001
56,4017835797,Sajedeh,Maleki,$2a$12$1O93y4HPkQ1cQGKv7yyycuYlqkyc.8ogqxWzk8nNN9UVXwdmlTYBG,SajedehMaleki521@gmail.com,09646580352
57,4013375759,Mahdiyar,Kamali,$2a$12$rCFRH55TxOsaGZdJunErV.OBkxjSpzkwAA3d6i6HfzPokWi4WvuCu,Mahdiyar.Kamali.154@gmail.com,09118753843
58,4016731981,Bahram,Hatami,$2a$12$6VU7ctBCQo7vbzAUM/.pXeuKB7ajJBzIgGPrY6GmcToU9c0kM9AMK,Bahram.Hatami.487@gmail.com,09187140343
59,4012261233,Amir Hossein,Akbari,$2a$12$nEMkNCqdsCHtJJ.8EeLBw.QadM04RqR45/CIpMpp8p6ryaULCj3iu,Amir Hossein.Akbari166@gmail.com,09867913131
60,4018081232,Niloofar,Kazemi,$2a$12$edXAUrXS3gOOB1JfnYKfCesauxoKidJ8qEHaeLNpOAkuDL4RtyB2O,NiloofarKazemi.633@gmail.com,09785628203
61,4038762484,Mina,Hashemi,$2a$12$pgZJkvmv5ZwwiX0e8nSOY.ogQr/RZQWr/MG6PvazsxoCiYezKdFJG,MinaHashemi263@gmail.com,09784205270
62,4028272495,Reza,Ahmadi,$2a$12$EAlJfrp5mKcKdRqz6NAZEuu2yYevrSj0vmMsL85XOSnMBmyiX889a,Reza.Ahmadi.459@gmail.com,09507280273
63,4011054293,Gholam,Hatami,$2a$12$zIEWqDwBrad5jNv/pmsUH.t1v3Nol5e4fYluJ4HfIGIgBfwh4ylka,GholamHatami313@gmail.com,09853867536
64,4011518860,Behrooz,Farhadi,$2a$12$LWc0o1sVKCpeZkDeF.wMSe13BT4AtN6hH9n3Ut89smymzoQjaGbP.,BehroozFarhadi.449@gmail.com,09796089423
65,4037282945,Soheila,Mirzaei,$2a$12$CgwPVBccTiggIgTej3xSleVaaw1CgthUWA6B3lidl7Pl2tgZXUQVe,SoheilaMirzaei610@gmail.com,09185786112
66,4035077420,Shahram,Esmaeili,$2a$12$xRU13GwWcFiEA.UbnZen/eREPbhPw503pkreOFniJ.o8RiatXaL96,ShahramEsmaeili.974@gmail.com,09816394905
67,4037457913,Farangis,Tehrani,$2a$12$o2WIVFIoPnUtIzzU1.oU7.1/ik7quAnRa8uVyqEtbacGpXHkmPl6S,FarangisTehrani.740@gmail.com,09111670857
68,4036772094,Kiana,Rahimi,$2a$12$TF2y9paSfBK1FqveRHSjPOsOm4ohHNs2D5MGCS2VvMvqJWeFdq4AG,KianaRahimi.453@gmail.com,09199749900
69,4012968460,Bagher,Rostami,$2a$12$XFNes/tnnOcDbGMhFvxohOVxEDX2q4O/Tn5rl6In4z/EG5AOI7GF2,BagherRostami236@gmail.com,09366850266
70,4033347025,Shahin,Moodi,$2a$12$z665s87XVy4ik7zk0awd4uWggBvt9A5JdvXOhIxt6hFbcoxTLddjG,Shahin.Moodi.718@gmail.com,09886112530
71,4019937563,Firooze,Hatami,$2a$12$oqxXMJ1Upw5mpxHA4PjGsO05airG4AVi/M0qDBYyZJTvs23Hg.bs6,FiroozeHatami.536@gmail.com,09773914952
72,4039391082,Mina,Kazemi,$2a$12$ZjTgWjh7ecPNoRu7wjJqh.63mIrj6YF325O7PO7KK7hjmQD9Hsk9e,Mina.Kazemi766@gmail.com,09398488345
73,4024080114,Pirooz,Tehrani,$2a$12$C6xgAOqUDMDAG/s/KkXqi.iZ6bDYZVWfmn0UacoinaPtS/iovsSVe,Pirooz.Tehrani105@gmail.com,09368505083
74,4031994102,Pirooz,Sharifi,$2a$12$6hpSC7krDZSkwhFsfP6xHeZxCppHWV1K7NFBZ8zVI5yVofyJ2eX2y,PiroozSharifi.689@gmail.com,09738139288
75,4030243568,Setare,Ebrahimi,$2a$12$DLDpqgdLufR6VlTAUsMJHOEnkdEWLgazICT9BIlF5pGe/hMXC.vCG,Setare.Ebrahimi.487@gmail.com,09343389925
76,4028033638,Sajedeh,Amiri,$2a$12$Lh/lq00ripDslHkZtZSsJOXmfLs6sAI2akneRuXm.tomsDoJ9H.Ea,Sajedeh.Amiri346@gmail.com,09877333160
77,4025953081,Mina,Nazeri,$2a$12$.hbrmqsjFoFpa5J9dGELwOzU7IS1CEOYwBFen89MN0DQwSMIo.spu,Mina.Nazeri.556@gmail.com,09102384448
78,4023491373,Soheila,Bagheri,$2a$12$RnaofYLOAbvl0r5fIPn/c.mAmaw1qZi/qPpq9M8Emd88vie3yUMJ2,SoheilaBagheri384@gmail.com,09158421874
79,4033409130,Setare,Kamali,$2a$12$uZF/g8N8uLzgMsMeBGl0U.JaTf1JTG0XOCtt67ocULo6e5DP78D8e,Setare.Kamali883@gmail.com,09814194540
80,4010902908,Soheila,Amini,$2a$12$pX1hWZP7HC.GPBSxw1adBeqgfCXVgRJQPcSsWrTY16t.YWwi4C78W,SoheilaAmini.378@gmail.com,09651918464
81,4025265299,Merhrdad,Kamali,$2a$12$1iSU3ku.RE7.5ZIe0Uq16eLv6XvVl1W1Dac3zM7Tq9t9CYxPVA4uu,MerhrdadKamali.231@gmail.com,09494007946
82,4017303571,Bahram,Amiri,$2a$12$kOILq8w5E1Mb6/BqcZFBEukIj.jvcK00YZHgdNWQoRD4QXTvIsXye,BahramAmiri190@gmail.com,09846273112
83,4038500201,Reza,Hedayati,$2a$12$g0.3WYgObO/2289tJd.EKe43maogn6TrMaRozmb2tV/9keToB9PNO,Reza.Hedayati383@gmail.com,09828400519
84,4028853711,Farangis,Taheri,$2a$12$fGa96kEy8kZo4nozEmItheMWVE04372JrCtNUt6u6.UPr.bUdYkEq,Farangis.Taheri.190@gmail.com,09716399647
85,4016600225,Fatemeh,Kamali,$2a$12$fs/aWVY2Fr1Tpjtz6gAPZedV5zh1.RcF7NcchXVVRTyRyN6KW6jOm,Fatemeh.Kamali.930@gmail.com,09465067631
86,4013850031,Farangis,Mahdavi,$2a$12$G/udk/9sOgmzzUp5/gfvjeTrP4baNjGZatUJugliCMgAY7RhbA.fi,Farangis.Mahdavi.990@gmail.com,09506952590
87,4038019782,Firooze,Nazeri,$2a$12$pugaYuVadP/PKooZrcWgB.k/f97AiMEnzW.SFIUV3a9YrgoiGsExC,FiroozeNazeri572@gmail.com,09696067356
88,4015323864,Gholam,Ebrahimi,$2a$12$uEdBBwh5uh842YJVk5AI6.SzsSOeleMa.8beoILmeSWT4KzECu4im,GholamEbrahimi.575@gmail.com,09136973484
89,4030808439,Amir Hossein,Shafiei,$2a$12$OtTF5Tm3xlmsNHgFF7ZqYOgzNcqXIuM8nFBfcSN32pZW3dNEhrBfK,Amir Hossein.Shafiei.313@gmail.com,09987857663
90,4010431430,Amir,Heidari,$2a$12$z6rLUg2vvLiVxORIRTwniuV2VdyaPwAzuKRlgd7djMlBlxV0qBOyy,Amir.Heidari.443@gmail.com,09762342954
91,4023724372,Reza,Bagheri,$2a$12$xapHxqC3ps8oTUimDOrvi.sQTW4.Y4Qf7nNUkAKGClzafC4eaB5BG,Reza.Bagheri.299@gmail.com,09455956048
92,4033969156,Fatemeh,Amiri,$2a$12$7hVYkqlSckPlsiNll1F1JeJPNXjkqi8IB5CTPtx0r3MNyuKGwyWya,Fatemeh.Amiri967@gmail.com,09414384605
93,4036784875,Bita,Nazeri,$2a$12$ilOIVxfiJ0KJQielEG7voOgCCscJ/hYiY0I2ZAkQrIiEdXEoABMHS,Bita.Nazeri.784@gmail.com,09806856933
94,4027560525,Amir,Moodi,$2a$12$8UPBTTkqdYLzn3t3wneYS.e2wJUs42g7nSI/a.GuXuvL/L/dBG5xO,AmirMoodi573@gmail.com,09384630762
95,4028910430,Amin,Ghasemi,$2a$12$sC8QuolaXjOEGbDB0tnyeuy2D/2pkn7A14Gfn3q8.K5HjcgmCGqWq,AminGhasemi.134@gmail.com,09906351181
96,4027073708,Sina,Mahdavi,$2a$12$C0.gmTp.3IoQ./6hw6aOn.g3hb/catbebntsmnUUwidtPvTOvDOBq,Sina.Mahdavi713@gmail.com,09126924700
97,4032577448,Bahram,Ghasemi,$2a$12$uxT1gyxV/CjprVVtdogd2u8JT4rhLFmJJfCxLMybrgFHVozQm7Bky,Bahram.Ghasemi.787@gmail.com,09311101983
98,4039090986,Gholam,Ghaffari,$2a$12$Gd6pomBsIkPQTjRpHqoEKeutb3KQg6Zb7G/YLuyvi2hoe.qIgXFTG,GholamGhaffari.824@gmail.com,09792595082
99,4018068564,Behrooz,Amiri,$2a$12$BMoceYLaC4zD8eL6dFM59.kGxjeERVReBnpaRIha4wpXxxOoNJ6We,Behrooz.Amiri275@gmail.com,09320295487
100,4019696486,Shahin,Shafiei,$2a$12$8fJHg2RuEAYKi3DJKAym9OIsoFryLKY.OEiCj4F898/d6Q3YYsx5G,ShahinShafiei.765@gmail.com,09110971488
101,4021679723,Firooze,Amiri,$2a$12$sBLEtU9OS7z6Rv5V0FqErO7MQbWrDu.hfJ8rAOQjjwm02zScVIcTW,FiroozeAmiri.201@gmail.com,09454913784
102,4036684737,Ali,Amini,$2a$12$tFryGb4XmfyqbhOTQ0JDauAPimbsttkUdcrUIGz9Kxvl557NiHHmm,Ali.Amini.437@gmail.com,09217952898
103,4035498411,Hossein,Tehrani,$2a$12$cA11iOAlHBWra4V0F1OHk.Y.U3eA1U0MkU.N/qSI3gjqlkebGmUJ2,HosseinTehrani.727@gmail.com,09707812535
104,4020480363,Amin,Farhadi,$2a$12$8iSUpU6sodiROPMHV03f0OwbwVd79U7gmDpJi5qAttIIbNNIYB82S,Amin.Farhadi.607@gmail.com,09477413178
105,4027969963,Mohsen,Jafari,$2a$12$dNugu7l8/e/YwAVvJX/Rje3yExvFameBNmNTvr/LHVmBuXea5qUMS,Mohsen.Jafari.691@gmail.com,09838490359
106,4028560286,Amin,Ahmadi,$2a$12$wv94AF2c85YX6UulfP.Yb.8cn8hqNIDJpChPkKeAwdRDN.wSGH/WO,Amin.Ahmadi224@gmail.com,09366676742
107,4019495079,Shahriar,Momeni,$2a$12$0k0uQj/72K82tZ7pa4ivEuiomwCyXKqHaHzVa8Y9qaLmow03CuMFi,Shahriar.Momeni.996@gmail.com,09441255531
108,4026447552,Soheil,Nazeri,$2a$12$pZeWE/b/gEbCQdDMzrjVv.dVXWoQ7P4lXfxKNTeso71UtWLqpdkv.,SoheilNazeri.523@gmail.com,09717917308
109,4029172228,Amir Hossein,Mahdavi,$2a$12$B3q8LqercxizCf66eY2.EOtuVe654lBx4MouXU/c/QWIWA/sE6Awi,Amir Hossein.Mahdavi.384@gmail.com,09552180449
110,4039023690,Rezvan,Ramezani,$2a$12$cVCAoGrdv9LR2J2XGsjwzuDygcxj0H0rrFjn1NIP/CR/6jX9aSwui,RezvanRamezani.953@gmail.com,09890087495
111,4017324276,Mahdiyar,Ahmadi,$2a$12$UMdvaCEpuZwMd1zhi5pdxuu8PJW1El0BDs6G1/T51IQcruVNLslOC,MahdiyarAhmadi.989@gmail.com,09425691220
112,4016797050,Hasti,Esmaeili,$2a$12$GQmZcxFmg16WO8.z6eLDm.uAB/WdnRfX8MFIzufkv1X.jOYaZSzRi,Hasti.Esmaeili.139@gmail.com,09948998580
113,4016356024,Fatemeh,Amini,$2a$12$VEzH3rrTN3pscq6HOsqELei6QEwzmAPEgT5ZzjFPicOPB5mahrLU.,FatemehAmini.388@gmail.com,09813406225
114,4024580600,Merhrdad,Rostami,$2a$12$4SbnIhdLtLnGLYCGxjgP/uNNwNgor6tBPv8dabijWLM9yRJCHOn7a,Merhrdad.Rostami.977@gmail.com,09472616759
115,4038894966,Soheila,Kamali,$2a$12$SbOTtvS2h/ozj.xNqcRrseIGRNZiOlWF1jGBk6U4XLj4zF6Qy.Qla,SoheilaKamali643@gmail.com,09746462675
116,4030667383,Behrooz,Ghaffari,$2a$12$AZIiykDkMV3HSjfnn9thPO/TyQBS6mRFj0AxXFLWrEA3KsQxbKx.m,Behrooz.Ghaffari462@gmail.com,09433060200
117,4015191055,Amir Hossein,Esmaeili,$2a$12$zWizWyaKEJFkA1Ug2xkYu.34sRn4HljuDkZJOEAZZxAyJIbEfGviW,Amir Hossein.Esmaeili.468@gmail.com,09254609486
118,4033695791,Mohsen,Ghaffari,$2a$12$Pj1XpoS3KV0rMF4Hwl7iwORgZ7Gj2Bv.QN7fua5GKXFkS80ojzVz2,Mohsen.Ghaffari.110@gmail.com,09902946706
119,4019939479,Firooze,Kazemi,$2a$12$MmTnwdvpumLoaPGX9V7ZKec/gB6juD845bcPC7Oq5M/k7fz2R9Z.y,FiroozeKazemi795@gmail.com,09665640116
120,4038558774,Mahdiyar,Farhadi,$2a$12$/4mQNmdG9qvvRKg0gs5Dg.urO3B0wneBpbUNDLQkoQkW22a1Sq5nK,MahdiyarFarhadi.892@gmail.com,09230626865
121,4020283135,Gholam,Sharifi,$2a$12$g3W/LDIQ.dShRRqV1/UE4e3mdLx7VmlLeIooEUWDiYx8xEduFM8lW,GholamSharifi881@gmail.com,09499493167
122,4013546602,Niloofar,Fakhri,$2a$12$8nfZ9cBAebh4nH.S6ufjP.ElxCivBlAYhL2OiI.YkdLdMUy7LVjKq,Niloofar.Fakhri286@gmail.com,09368808993
123,4012872955,Pirooz,Hosseini,$2a$12$biam/Qlt6uV4ZoO9Pp/znOeOPtznr2cx6Pqt11P7gUit6QSbktPLe,Pirooz.Hosseini780@gmail.com,09586167432
124,4017181329,Chavosh,Nikzad,$2a$12$E7SpAvT7fFa/ppcSeDKNtuzcCdRm6vMSUavY2lnV657h50M9pL3XC,ChavoshNikzad.388@gmail.com,09382019631
125,4029824450,Shahram,Jafari,$2a$12$QbOylH.Mopqr6kOj/E0cU.tVWaIAsQUp6EGcIZ0g35FyO3sv3CkDa,ShahramJafari.535@gmail.com,09919736517
126,4038261167,Farnoosh,Hatami,$2a$12$INOc2yQJDJkEl8bjNsRN/O5ai3WRgFmmO3TkWSe4UNCBcaNvR2xRC,FarnooshHatami.590@gmail.com,09527719057
127,4012123645,Mina,Amini,$2a$12$QqGrhumLvAJt/oKb6hLqrugMyYV0G0w9GxfJEejQQ1z8RgE9Z7fva,MinaAmini.590@gmail.com,09590585475
128,4037368232,Mohammad,Mahdavi,$2a$12$7udXkbw3KYq0bgxr/FpatuszUo9fMicai6D8NDp0tvx.OrF9hjFo2,Mohammad.Mahdavi218@gmail.com,09830183628
129,4034793005,Hasti,Amiri,$2a$12$mlTCCEjtPEEwB7ka3/.Yc.90CLHZMZyepSoM4KyI1T0SSgFTEU9MC,HastiAmiri385@gmail.com,09693285986
130,4029219252,Hasti,Ghaffari,$2a$12$xJOonP1ICJiUVMftld/UPehSWBy0Ju4NP8qeAEf7Env60Jc.xsln2,HastiGhaffari.965@gmail.com,09785130834
131,4027450612,Mohammad,Fakhri,$2a$12$izFIcZPL32YSKFItdCTHjeIhRcFEhCDV/PIWl1m8H7Q9tvh5aMJQC,Mohammad.Fakhri.653@gmail.com,09978018746
132,4014603680,Farangis,Jafari,$2a$12$5fT43TzJxAW1GG3S.cmfg.eVVgm.DkjitwyrPjy3iEGNIn9qqHY6C,FarangisJafari.426@gmail.com,09185339630
133,4039557167,Shahriar,Khosravi,$2a$12$mDT2HvOLCGtgwfFogNHkpeCn.suCYu6Y6MrwzXzjhW.Eqir0whW4G,ShahriarKhosravi.652@gmail.com,09883259611
134,4039783595,Firooze,Ghaffari,$2a$12$a0YEy4RJZguh/VGnMj0HP.XU7cqt/FG.589/oh9etf4IC5xicK6CO,FiroozeGhaffari343@gmail.com,09935493653
135,4020478707,Sajjad,Rahimi,$2a$12$oGvxqYvkyIDEnZir4B821eTS88YpcMrFMeMJv6LGEVV.atKj8t6SO,SajjadRahimi900@gmail.com,09263843469
136,4027564497,Shahriar,Bagheri,$2a$12$ZDEhdDC0kmhF9GNoEZkkSuvlJQBXArYtOwr02pHQ3Z1.g1HNiZu66,ShahriarBagheri.982@gmail.com,09367804714
137,4020888787,Soheil,Amini,$2a$12$2DmdOFi5fmZFgrAo6myw3.aF//xlEQChJSa383xjJ/6KnhMDkHNty,SoheilAmini978@gmail.com,09250299037
138,4036874925,Niloofar,Esfehani,$2a$12$o3NotXitb1ykj0Ds/HSB8uHUQvZnQRWEC3HT7T4X905cTZ5NDwE2e,NiloofarEsfehani.216@gmail.com,09527501738
139,4022081969,Mahdiyar,Maleki,$2a$12$XyjMD73Tya.rNReYqyelYOXi0Mg8D0dUP8lIXptxpZPbiVw/ljCHy,Mahdiyar.Maleki.976@gmail.com,09227311343
140,4034505340,Behrooz,Ghasemi,$2a$12$coXSFsh0GmnbTbYhYH6QeeYt4gm0StouVzIcf5fk74BOVxFF8CU8m,BehroozGhasemi.754@gmail.com,09852250715
141,4027638003,Gholam,Mirzaei,$2a$12$lJiwSMGfHirrROEI1LhiYeDBRsoPowOX7stah9OsHV5O.7iLYhiDW,GholamMirzaei.935@gmail.com,09776698157
142,4034910162,Sina,Moodi,$2a$12$k4S1flPOqyDl7MRMpGwLX.6yfWlQZiCCM80vE6mIQSqw8OQ6VP.Ia,SinaMoodi.281@gmail.com,09194503831
143,4035457217,Niloofar,Mahdavi,$2a$12$wVywatQ452VSiZOs3x.ZeudnkWsPLjfneZqLtKL5m59WySB4kE/.2,Niloofar.Mahdavi386@gmail.com,09750192069
144,4037054248,Bahram,Moodi,$2a$12$/f0gyHpHHs98pUVUNo75BOz2AXkHQ0bsouryZhc0JQyl014UlXWDO,BahramMoodi.681@gmail.com,09545482181
145,4023274001,Simin,Akbari,$2a$12$vXZh.LEUCCglL2eMn7ABQOhAXh62FgZOok3OYPiJb0obm7V9am7r.,SiminAkbari136@gmail.com,09962821325
146,4033022926,Neda,Amiri,$2a$12$61DidUa/3vwZFSNqtNILXuFzOY6d1v0N0nUWjD2WUx3aJZ.1/T8W6,Neda.Amiri.939@gmail.com,09620828854
147,4028993237,Fatemeh,Nikzad,$2a$12$eVGia31enCqt9g1Jz2pt2e0NE4xW3gxgZuG4jn7LafA2ddIryNwJS,Fatemeh.Nikzad702@gmail.com,09108145964
148,4022309150,Amir Hossein,Moodi,$2a$12$WvpgaM6CxWIbnXK3l0NS9.usWzoqGsw3UC/FgK40enHL0QakoMAmW,Amir HosseinMoodi.527@gmail.com,09975185801
149,4026803512,Marzieh,Bagheri,$2a$12$4df.AgnERFAql96JZ5UBXOny71okCMNKscgzVBEx3BERliJUqQr9a,MarziehBagheri.435@gmail.com,09831468561
150,4036171640,Niloofar,Sharifi,$2a$12$l6ZX2dE7e86E0Yo67kZ7Oucksi3o3c1IUuS/HLcJYRQ4lkWb9LzrS,NiloofarSharifi177@gmail.com,09615496304
151,4020659743,Neda,Azizi,$2a$12$0muAjNwHqEK.KClSbVw2Z.QWtwBHS7dXR5yVMGOkP/Dyp5oB.sWvu,Neda.Azizi.409@gmail.com,09641473561
152,4027926525,Farangis,Akbari,$2a$12$yt/lepYAATNn7.ZfGw0UBOes67j5xVgiesIT9ZRpGwPKPmLFt5/qG,Farangis.Akbari109@gmail.com,09189750356
153,4028506835,Niloofar,Nikzad,$2a$12$bhipIPvVwjarhxWmjeQrd.pcXqVkC8yOcEMrI/a1/81AJa.N7AVYC,NiloofarNikzad.642@gmail.com,09970762269
154,4017336704,Sajjad,Fakhri,$2a$12$NKhG.hduKIAWwI/ZCJ8bWuuYTeTZ7kHdp/C3.Oq0pwSLHQnuTjCCe,SajjadFakhri.371@gmail.com,09259643403
155,4033696416,Soheila,Momeni,$2a$12$EeQJkLYl5.iOk5JY5VfO/.Kx5oLX3qdnHyUJJyBilZmzj.tmhQ4CO,SoheilaMomeni493@gmail.com,09397050180
156,4016550852,Sina,Mirzaei,$2a$12$xe7zqIv2I0ZzD.181zc3TOAJ46twqsL9ZAOHG/VF228/Pb2iHiYVK,SinaMirzaei.113@gmail.com,09363112480
157,4031674867,Soheil,Moodi,$2a$12$4hvM.5EWdmhkn2BmlalmgusWo3A8kF7j91hlACj7eFUExMngvnT2.,Soheil.Moodi.278@gmail.com,09564644149
158,4023932827,Bita,Ghasemi,$2a$12$Ay2bRdnmU7BdbbJ/ML/QTeL7jy30OWTbFwmO8oLO2hYzIyCUDtgKG,BitaGhasemi.282@gmail.com,09761276824
159,4039607535,Mahdiyar,Akbari,$2a$12$Xm6V7OKdZNeZ2lXE8UsKjuzvj.3mBJW0aDmrmLCOxwew4p12tKpue,Mahdiyar.Akbari554@gmail.com,09501067382
160,4023319659,Shahriar,Kazemi,$2a$12$w9EhTD7vI1IdROICVeOyluNsO5VOyjvFuw5yTjGXKWvs3EIfif3Xa,Shahriar.Kazemi.866@gmail.com,09278855571
161,4032184023,Marzieh,Nazeri,$2a$12$AjwyEXy8Oqm93Y8GHbNzNe4cdLEICLX.jMqZznPW/aOK5/5mdu5ri,MarziehNazeri.724@gmail.com,09683819855
162,4033909826,Amir Hossein,Jafari,$2a$12$v32ENR6Lpj21bsIQ8rZ2C.SyMxRh2SByu1AoQOtOC.GBpzYk69Ooq,Amir HosseinJafari666@gmail.com,09514712279
163,4010592277,Marzieh,Rahimi,$2a$12$GYvHpDCyMTN9Gd836AGQ7OA.oveaLCq958DeEFg/JWD6ug0dV4MsW,MarziehRahimi.542@gmail.com,09209379036
164,4028469010,Mohammad Reza,Amiri,$2a$12$ODtBftyfNYi0A/ClRbwKl.dj5gRzdoNBzQ.N4o3IQQAq2wzgP2Yf6,Mohammad RezaAmiri.358@gmail.com,09752676491
165,4033245064,Sajjad,Sharifi,$2a$12$M45/oBVskdQRnPXCpPHVx.JBr9s9R7lT2PTOiX37fZnSYHeMtQbyK,Sajjad.Sharifi360@gmail.com,09290180186
166,4013896734,Mohammad Reza,Nazeri,$2a$12$dW8qVDyPEKHrGI.Dk5zQP.xa7ZwSuoKwr0R5r.jFlwMimlH8P71g2,Mohammad Reza.Nazeri.860@gmail.com,09695128522
167,4016422253,Gholam,Rahimi,$2a$12$dIC0iakvzgtp7UHtknb3nOfgRWgjdFqiuVdI2elVW4KGpJEGpdEqG,GholamRahimi800@gmail.com,09163654237
168,4018894744,Gholam,Nikzad,$2a$12$v0N3.B27kOd51UpkIz20LOcwV2Rqnk6gb4ACfNnXY0b6Hk4MNprp.,GholamNikzad.318@gmail.com,09617697980
169,4021273832,Marzieh,Shafiei,$2a$12$I1y9hn9pzVj97QeWMsIYYuoQgGM0hLUl6C69BHIbTHgs0jjxc5Elq,Marzieh.Shafiei330@gmail.com,09356975596
170,4011867261,Behrooz,Fakhri,$2a$12$FsUKP8XIXzYAgwKKRhC8BuSkpQrqL3tU7u2RkAKx5xeXj/d/PbU6C,Behrooz.Fakhri219@gmail.com,09722973307
171,4038154506,Firooze,Farhadi,$2a$12$eWKtKZMtYhv9K6LUKFFzZezW5.yn4r3mEJhRl3obKRym4f1LR6zvW,Firooze.Farhadi249@gmail.com,09582253405
172,4033427393,Shahriar,Alavi,$2a$12$B1JWZWxOcuNOsWzsxAHXzu0d1S0QDLzkqdwwcF1a9wlaUNKg6XJD2,ShahriarAlavi328@gmail.com,09472534424
173,4025470458,Mohammad,Ghaffari,$2a$12$RnBcqpSYZkWlU17pHwdZ.eNT1/Tc65VEeZOdmGU5jfMd4MccYCfAm,Mohammad.Ghaffari378@gmail.com,09417793283
174,4026889981,Farangis,Amiri,$2a$12$X5EfbPrKXaBJChSflkJZj.nYs44xiH.wgyVZPDzNTm9UrP1cOeCHC,FarangisAmiri.353@gmail.com,09907305046
175,4010056609,Amin,Ghaffari,$2a$12$blb9ZZCnVPFkiLtPJN5nB.s261w43tMOg16cHgvGdaFUmw3hT5tZq,AminGhaffari290@gmail.com,09496446739
176,4026781929,Behrooz,Rostami,$2a$12$ykdXR4GQvVzpvER2pZM.feAq1Gmfjy7SBUM//5eNy7ZBRVoGtVvTW,BehroozRostami206@gmail.com,09150960315
177,4034752295,Hossein,Esmaeili,$2a$12$kTZpzqAsjRzgZjk3F.IGWOrJeQbCESoqjpyKfAIKeSvgvXe96Drm6,HosseinEsmaeili959@gmail.com,09817878762
178,4038944170,Mahdiyar,Farzaneh,$2a$12$OTD3Tpw/QHXufZGnApKMZuFZpnOwJZ36IzEf6whVm9mROL0cKwEtu,Mahdiyar.Farzaneh526@gmail.com,09575479649
179,4035594530,Shahin,Ebrahimi,$2a$12$8oN3CQSqOFlOlYI.pUkhc.SXWNzqX8Jdk4SmJVpioXAYk3ccDs.Hm,ShahinEbrahimi.609@gmail.com,09936388779
180,4027941907,Ali,Rahimi,$2a$12$KZwUfgqjBBhPjCmclAlAwOiKXI1W3SfTwF5IhgA0RMfpMJZfoDEEm,AliRahimi535@gmail.com,09386167970
181,4017423208,Neda,Shafiei,$2a$12$YW2QnGdvnLWi3bLVr7HHk.DwJfht1AGZGt67xfRc9V.hSyIk4PZIy,Neda.Shafiei255@gmail.com,09936329861
182,4019673613,Fatemeh,Esmaeili,$2a$12$DglypAGpZMTj9JIoj9ZbmuKOJIk/vfIgImDyQkdXc..YVfi8Tdody,Fatemeh.Esmaeili.878@gmail.com,09290420112
183,4032310641,Bita,Shafiei,$2a$12$fepxQkkzAdWacwNa9lHqS.CO4Uqv6FxauYX0w3TPr2DFhuJMrI3/K,Bita.Shafiei469@gmail.com,09964132303
184,4034726284,Sajjad,Hashemi,$2a$12$EatLgp8.3YSUdhDd9bmmvOnVf93mFRvHb/uDebSWRFl4Q4zj3bRAK,Sajjad.Hashemi.682@gmail.com,09236489092
185,4031752869,Kian,Farhadi,$2a$12$mzm5DoHEHWfYY.Jo3S4.pOQark.kZp0B5.gd8UgLenPYILdgrM3ni,Kian.Farhadi.921@gmail.com,09213236467
186,4029037746,Amir,Akbari,$2a$12$mdgk4a5VgLJYGMSNejErTOlo06XKHrf8Guw/N3TLAckuCGfq7vble,Amir.Akbari691@gmail.com,09444160057
187,4031858137,Mahdiyar,Azizi,$2a$12$ZpQtnqX4I4LYe3S2zGQuBO6LOaxY21/X7lXSnnECOcF4C3qhvyI7u,MahdiyarAzizi.159@gmail.com,09472138649
188,4030939659,Fatemeh,Rahimi,$2a$12$INLLsB4OHGFQMInbql.tq.zSn66VBeXjcLGPvgakwhoe0E7zKAGRS,Fatemeh.Rahimi811@gmail.com,09397040591
189,4029769617,Amin,Fakhri,$2a$12$.qx6ZRSpWVXWwbCNNrhwNe/wZk3lOvF.8VvuakptlAuLXLQctizzK,AminFakhri378@gmail.com,09673801941
190,4030224260,Shahriar,Tehrani,$2a$12$eJEJYKJjHf7RF4iJAE5FPOIjU3fZs0ndC5oR1dmymZ/PnYqxJMhcC,Shahriar.Tehrani.271@gmail.com,09288245222
191,4018791034,Sajedeh,Farhadi,$2a$12$nq1AXx5BL8qIJ8WowmSWzuhQn/UHx3/Lk5CPhv6AiOb06vqYqHS4u,Sajedeh.Farhadi610@gmail.com,09841815127
192,4017334727,Kiana,Farrokhi,$2a$12$xQIpB.r9v81lHxpIOWlZXeb/JuBeCJeOR6gE0hfAFc3aMwpv7OIUu,Kiana.Farrokhi.100@gmail.com,09200828918
193,4022669302,Farnoosh,Maleki,$2a$12$/znlDo7yMs3U9NuoW/euyO1XpR5olpoMMhrsPk4L4FkX0z/I5JAo.,Farnoosh.Maleki.167@gmail.com,09938224895
194,4013670914,Bita,Ramezani,$2a$12$9oo3Z662n.1ItyN6Vn2LguwtfNzdd/iE/skWOoWn0A/bSu3wA/Spq,BitaRamezani356@gmail.com,09649908149
195,4038135350,Mohammad Reza,Maleki,$2a$12$e5Cixz16tUMFaAQWL59RouhGsTxxviybMgHP8qLEYV.7eHyYRpip.,Mohammad Reza.Maleki.331@gmail.com,09722495576
196,4031224497,Mina,Momeni,$2a$12$1hl8h/7y99xlVQDZ9Xjf7.A6QkmZzdup8Z7MxBgpjY32x644nm43O,Mina.Momeni.573@gmail.com,09322944305
197,4017861133,Shahram,Tehrani,$2a$12$iPE93WcqgzFqEWc211Bq6OT1EFWnocrDrJPm4zRniKbkIBbdhR5ue,Shahram.Tehrani267@gmail.com,09871082036
198,4026826922,Behrooz,Hosseini,$2a$12$IqqoHe/51BTn9qsu1PB/9eyD.u3Jc.Rg6.N2MzKM/dy3nOLh8rSPC,Behrooz.Hosseini302@gmail.com,09826957228
199,4012127108,Shahin,Momeni,$2a$12$Hr/sWXe48Wmw8MI7sp9Jp.uqj3xGUaqmWEzBR.psLZ4c8RzMEG7m2,Shahin.Momeni233@gmail.com,09704794123
200,4032738361,Kian,Hedayati,$2a$12$KYBbvS8eQIIl9mVrCZfQxuX4ClgOjwY7FjZd5py4a3dObsoplNiOu,Kian.Hedayati328@gmail.com,09731543018
201,4015697321,Sajedeh,Jafari,$2a$12$yFJVcwl6NRqJhIVzcsXhZuk/vrF81Bpf14Fulcex6t3te7bhC5TxW,Sajedeh.Jafari.754@gmail.com,09698530558
202,4032244191,Mohammad Reza,Kazemi,$2a$12$UwqAnF9v2IGvYjm5xAO/G.KIoV9Jt6qDghfPGbi.2.ztsSEa2/aK6,Mohammad RezaKazemi.190@gmail.com,09332325823
203,4036128833,Chavosh,Amiri,$2a$12$BL7vDrUvBvydPwE68bRvF.2UIgVQqwT/xJJB.QDZ.Y6CjMAAKU2Jq,ChavoshAmiri141@gmail.com,09468805191
204,4039063388,Kian,Fakhri,$2a$12$kvxWe4/Z1FUTi3KZkqA/Wu33krQ9t.TRAh.klYHBE52eo7tYaf0QO,KianFakhri182@gmail.com,09943681616
205,4017704358,Bahram,Tehrani,$2a$12$K2E6mDZELV8I.1RhanHxru1fin5hJYcEsuIxtJpA6G0yQ5/O5duNq,Bahram.Tehrani.222@gmail.com,09241594660
206,4022352936,Merhrdad,Hatami,$2a$12$/3eGnVMeJz/YypFBTh0P5ugOP7HSE43IujD/Vi/4kh1ghFWn8f7Bm,Merhrdad.Hatami526@gmail.com,09741112115
207,4022860511,Mohammad,Kazemi,$2a$12$kDG3DfjQYZdf.qBHYAIYYeFdnqsltiQk4po.XRZKV/zPuCEEWHUvW,Mohammad.Kazemi496@gmail.com,09958993509
208,4030830713,Mahdiyar,Fakhri,$2a$12$2Iw7/xyPGgNJUcX.tP5w4eKdJA098mz7d5Kqjj8CcbfM3LxCwoHBS,MahdiyarFakhri.807@gmail.com,09762171601
209,4031978844,Farnoosh,Ghaffari,$2a$12$.Spdc0wXWcwgs0/O685bmO9ENAQP5NsGNLaaaCujYdVoCfE4MSfLG,Farnoosh.Ghaffari349@gmail.com,09714684340
210,4020925585,Mohammad Reza,Farzaneh,$2a$12$w8eKEaP7mHjgZB1Dj1a/NOqdKlgmVhejh0hKXoVUgcK7tmissvNTC,Mohammad Reza.Farzaneh.822@gmail.com,09994306667
211,4021966190,Hasti,Heidari,$2a$12$829Vdm6BpX2c2kjC8YwFcuFSsXldIpXID2b8o/y8e9gA8Mg53FXl2,Hasti.Heidari303@gmail.com,09778168188
212,4037367556,Pirooz,Nikzad,$2a$12$xOEpw/sa3RuV0qKBA/tX.uKB662XA7Zu2iwhwRroKNcdjKCmMSa42,Pirooz.Nikzad.878@gmail.com,09784088896
213,4011192508,Hasti,Shafiei,$2a$12$5gpLyXMH1yiuBjKYHRMvlutdS/0JNeJ6XwtelJXOsWjbJez5RdcqS,Hasti.Shafiei.105@gmail.com,09702946685
214,4031342563,Shahram,Taheri,$2a$12$6CF..sIUL4TZCu5hb76BDuNi7.6Ru5tyaxsFhlXv.PIphkf7vpMNC,Shahram.Taheri591@gmail.com,09107333584
215,4016869940,Hossein,Rahimi,$2a$12$VBtejo0RWIdE3ccGXnLS..RnnS/SVs3BIjpDH.ZqD2BLcQdO4BQle,HosseinRahimi.288@gmail.com,09606644293
216,4027172399,Sajjad,Ramezani,$2a$12$Owl9v9j.yE6bhfgoa1IF2u/M5CE2xo3DAJrOiDluS1yG.1pAuQAWK,Sajjad.Ramezani.514@gmail.com,09770692488
217,4017897648,Niloofar,Amini,$2a$12$FudqPJtOjYqJI0zFz9p/m.yyKTeRL6ZHLZKCzWPyFipzm63WRUY7G,NiloofarAmini.909@gmail.com,09935806718
218,4016405643,Bahram,Hosseini,$2a$12$ioNn8GOdhRpWD9BhorgqLeMEFcnJwk.jm1fyTZYh6qaDNcQYc3V3i,BahramHosseini.456@gmail.com,09106343002
219,4021000472,Firooze,Khosravi,$2a$12$Oqp0/O7qyIrG/U61g7tAI.ag8yfcT4QWGu6t20jGKjGGkweHQdaBq,FiroozeKhosravi555@gmail.com,09302280782
220,4038861626,Shahram,Ebrahimi,$2a$12$AoM.q90N13ais9bHAZgtqetNbYQ9k1Ysx8I6.rYaLtJIZaVNxB5Y6,Shahram.Ebrahimi.603@gmail.com,09502460859
221,4025848558,Fatemeh,Mirzaei,$2a$12$VRYaFcs1amVox60Fv62AGul87hIEa4mxMHZeCS0dsj2fqXb6huAfq,FatemehMirzaei840@gmail.com,09928833713
222,4033226015,Mina,Kamali,$2a$12$nr52Yswiill0zRxOUYsLN.Oau8gmjWgPdFzo9RlbHspXVANeqlzWa,Mina.Kamali.348@gmail.com,09751372433
223,4023587340,Kian,Momeni,$2a$12$NT0Z2.id89vG2CA16IQIFutKTxjR6PxPzc8Wixbw85IlRdnXo4CKO,Kian.Momeni739@gmail.com,09361242247
224,4018463504,Chavosh,Tehrani,$2a$12$Aei0fIPlKk3Ys/FujmH/3emQWgEqeZ329jfYniuNux9UrViSOazpO,ChavoshTehrani799@gmail.com,09268681141
225,4034788229,Soheil,Hatami,$2a$12$Wk.p01Io1qvJA6hWzdqrXuNHuiuSCOcpxM1IrSeuuD.HLfbYbHC5K,SoheilHatami.553@gmail.com,09372585502
226,4028946730,Chavosh,Hedayati,$2a$12$FlvXtjT8rormpo1idpJxre9qECDtNyXE1ucb1LzErP2SqHfbrQDue,ChavoshHedayati472@gmail.com,09752989807
227,4035257781,Amir,Hashemi,$2a$12$K0PMFEGx9uRhaK.HKFX7fumg8aF.PPWL2RhMlWbeVzZiiCDbHiX/q,Amir.Hashemi982@gmail.com,09589785489
228,4030601193,Shahin,Farzaneh,$2a$12$5P6xV80UQsHc35uTfosF5.UctJgrVQknaTUMzRcJgWNin87U93nDG,ShahinFarzaneh732@gmail.com,09697657904
229,4022338879,Bahram,Mirzaei,$2a$12$3rkvLFmYkhM1Pqgapo.4UuR2nQpxh2mVpnTDJc3lJ97IqDnWbZFfO,BahramMirzaei806@gmail.com,09642154796
230,4015137463,Hasti,Esfehani,$2a$12$BE31TQhqArrQ4W9nL1ZSn.STybducX2CLi6.9qSFcWvWtTvn2jwlG,HastiEsfehani769@gmail.com,09544660478
231,4036439782,Reza,Moodi,$2a$12$ezdXMNFtq7ICiUIrnXqJUu.//NS31N732XENojc4pm9zt85mOgFnm,RezaMoodi.907@gmail.com,09511342838
232,4024293851,Shahriar,Mahdavi,$2a$12$oAsOvErUrbPjKJ2EuE41BebBFsGH4ipmoZybMQrSvz3S1F1MVVUfK,ShahriarMahdavi.425@gmail.com,09940666456
233,4032593178,Gholam,Kamali,$2a$12$X9iBcoqGCzvyUNWinxwd/eutAOPfIo.hLxicIcY5p3DaAU4PjbGnu,GholamKamali.696@gmail.com,09719645559
234,4038757314,Chavosh,Ghaffari,$2a$12$OtyjY8FRk65e/aSS1R/RyOpbqHsAoYZC6Ab6NEAyy66ZFZklzTQoO,Chavosh.Ghaffari753@gmail.com,09343924044
235,4018473573,Kiana,Heidari,$2a$12$8cUSbIalsIwq3DK1UbdnguprksKvk3B25xNARugXh76lkE7sPgnWi,Kiana.Heidari716@gmail.com,09692140606
236,4028996090,Farangis,Shafiei,$2a$12$WIWgi.kLZMdvl2KzmBf6C.ltbTTzm4XheV2PnMfCaVEOf.tSKOzrq,FarangisShafiei.746@gmail.com,09119674512
237,4027785471,Marzieh,Esfehani,$2a$12$4OHMVLI3Lh8aOlXdserAbuiqsbnwVutECEEcmmdcUg8ojM2tw7isK,Marzieh.Esfehani569@gmail.com,09383499981
238,4031264233,Niloofar,Moodi,$2a$12$UYsGfSBTJodzmQ/Rz1bytOnA9uWHFnLw5iyf/nC3uagfSREgWRwMi,NiloofarMoodi812@gmail.com,09955609934
239,4020218035,Mina,Bagheri,$2a$12$3xZGDhl602wrT00VBxjiDePydArH1cYXB8hBapoSxhDBK2An8.Ng2,MinaBagheri980@gmail.com,09185435134
240,4021348277,Bita,Alavi,$2a$12$yxHrZg7yxg4i1aKCCXjYZ.b.sy7J/lc9mqg9IRah.0jglsg0nkttG,BitaAlavi.143@gmail.com,09233322178
241,4021781713,Soheil,Fakhri,$2a$12$vAvy7Cc6drpeYe1/nx.b6.NDgWKELuScpTYZhgxoj8W792JQM/qXK,SoheilFakhri669@gmail.com,09268211080
242,4032532183,Niloofar,Ebrahimi,$2a$12$HAmFh3CJPBujHfXOsebYa.3XlNb8eLxlCTQIkMj/SK.gPZdKiP.tC,Niloofar.Ebrahimi162@gmail.com,09533715599
243,4032702038,Mohammad Reza,Hedayati,$2a$12$RyxlQwLkZKCeXsy353YL4uclwKKKmwxBI06e6Thxau4jnHm6t5LH6,Mohammad RezaHedayati.418@gmail.com,09339628139
244,4035030294,Marzieh,Amiri,$2a$12$7U054fM1Wdk5Y4a8NiNePeik6CcYIF8AbI5kFSkMybcl/ZIC/SAfi,MarziehAmiri845@gmail.com,09278045598
245,4018310598,Gholam,Akbari,$2a$12$7k9DsuRnwNVsW84AwGsRPOhyopo.zK.aG0vgf7L.Al2knTvGqGuKu,GholamAkbari134@gmail.com,09740673743
246,4029801660,Mahdiyar,Momeni,$2a$12$UyXSRUN1ZULid3OGc1dqAOF4W8GSzypZvIX7mgihncKMRrB5aRI8y,MahdiyarMomeni142@gmail.com,09873406016
247,4034739236,Mohammad Reza,Ghaffari,$2a$12$NTqnPaJ9JKZqqPIXYS9d8.JyZRqwJxtQyQCSWBi4XQmkDEI7Rv3c2,Mohammad Reza.Ghaffari871@gmail.com,09688646997
248,4036966387,Rezvan,Esmaeili,$2a$12$Wkt6R7YpYIGa8fCUfkv4tOfzhDIxXGJH6WXxHvqRcZ5cRvf/hHapS,RezvanEsmaeili715@gmail.com,09601310037
249,4037342822,Kiana,Maleki,$2a$12$0n6ROV1TEWP3DqwWdn0FiOveWVffQN25xxGlTAtLBEWIiGbYYq.96,Kiana.Maleki.536@gmail.com,09655446401
250,4029925755,Mohsen,Hedayati,$2a$12$hM3rHpEmwEeqtChlyee3W.LCty5F2cIpqlZ.9OO8ER3hnPkk4m6bS,Mohsen.Hedayati.134@gmail.com,09414327338
251,4010540361,Mohammad Reza,Bagheri,$2a$12$VjTcgEeES1wCcHyv6oySnOgHcLL8UbiZEJzY1J3pYrItitfRJbmdG,Mohammad RezaBagheri970@gmail.com,09936700127
252,4035222184,Niloofar,Ramezani,$2a$12$iVCRfPBFbSDpCPNrHr2n3.jvLEsUgsbp9lTyv/0mUFFOfYO4eU76i,NiloofarRamezani.157@gmail.com,09295010311
253,4015623647,Setare,Sharifi,$2a$12$t5mU/S/vRitm612AKmRU/uxYYiNXuIMVju4e7/CdTStfSxZRppfeW,SetareSharifi.579@gmail.com,09607359251
254,4028867590,Soheila,Farzaneh,$2a$12$7uHOwpYeyOP8HyLdLIb0Ruk44N9XUGmafGtbHHIKAjaljcv2kj2Gq,Soheila.Farzaneh.555@gmail.com,09799230315
255,4014262724,Soheil,Khosravi,$2a$12$VyzrLqfaTUo4KI9PEW/LfOThDpbzoaCUhoaPq62Q/wrcsXeFta80e,Soheil.Khosravi560@gmail.com,09773592793
256,4015748847,Reza,Heidari,$2a$12$fvbI18ivLkrg8VKZQscI3.uSKgYuuf8lOI9lelABOV5WIQdc1gRkK,RezaHeidari718@gmail.com,09455132972
257,4010999899,Reza,Alavi,$2a$12$RhSrhZpB2cefeuj4Sn9x5.6t6USCJlc37/Wdoa23.8CvHYB9NBr4C,RezaAlavi754@gmail.com,09112146993
258,4033392917,Rezvan,Ahmadi,$2a$12$9Qao2g20Y6LSvhlIru0SOe2r9uE844Ntp6RRusMmUgBB1Lory/NkS,Rezvan.Ahmadi.112@gmail.com,09113112354
259,4034922037,Shahram,Hatami,$2a$12$xN0rjgHq6R1fr07hRX55fu0ItlUFlGniGqT0CNFD5aa/cRFUvVykO,ShahramHatami.386@gmail.com,09719096690
260,4027605844,Neda,Nikzad,$2a$12$GNxAkPn/V0NrFIblr8KB6.Qcjvhf94TU2HISYbljQtsWaZ5YMXMS6,NedaNikzad231@gmail.com,09855564241
261,4039745996,Amir Hossein,Fakhri,$2a$12$nQT05eZRkmBI6SioaOo1n.8tGFQNQyb8op0UgmW7fv.9KDaGuFtFy,Amir HosseinFakhri.406@gmail.com,09964303808
262,4020573591,Ali,Jafari,$2a$12$XKS0EIvD1.Zf7GEmJIOUbudtS3wiUDLn6sCQ8/A8Js.bnydp8VEYm,Ali.Jafari.321@gmail.com,09621906933
263,4026938116,Mohsen,Moodi,$2a$12$2DfWmQYj4eAreeEkUUiWBeS3rWhknHcS1lTXAOmbs585EIWPM/n.i,Mohsen.Moodi436@gmail.com,09846050655
264,4016679525,Chavosh,Kazemi,$2a$12$bTkFlDvNGBOtMqB87hveL.adw8qc52fSzsjqaQLJB32kt3TiWIaai,Chavosh.Kazemi.542@gmail.com,09800107330
265,4011514481,Marzieh,Hosseini,$2a$12$MotcaHfsjnhlIMOzK8NkWeUkuTYfU8SwnlhBdrkPAFPNbSorOCq4G,MarziehHosseini.425@gmail.com,09526326084
266,4012203302,Mina,Taheri,$2a$12$QRvwudDpFfIgMyD57lfw8eH1jhXLcIN1DXF.h1JN0oJkpOF/Du/Ny,Mina.Taheri872@gmail.com,09699189440
267,4024639981,Soheila,Ramezani,$2a$12$BSkt54wV8ipNcEyOPxfqI.T/cL8sNHhjZqfnVp.uvWek.4mXe.Q8S,Soheila.Ramezani920@gmail.com,09395880776
268,4017435112,Neda,Farhadi,$2a$12$4MA1r2c4ncbjdiPHh4P9E.xHiuh6Aee.vdDK3ecUCW7LzYGUInhfC,Neda.Farhadi126@gmail.com,09152488066
269,4019725362,Behrooz,Ebrahimi,$2a$12$QNWwbJqnvrw/ZIIVP4ROXObn13UBq5FUtZ2X58B8ogZyls5nzoC6G,Behrooz.Ebrahimi.864@gmail.com,09181564738
270,4028932076,Sina,Azizi,$2a$12$mfl7KPU7kQvTy7PdOrCjFegQ2yNEjCyGzxOUsnogG62MuNphlxNU6,Sina.Azizi653@gmail.com,09980705944
271,4014837356,Bagher,Mirzaei,$2a$12$JjeM0tj9mjQMzgtLS6Mqo.do0jibLbvEmn/l41hbfnl/idHxDRW.m,Bagher.Mirzaei918@gmail.com,09195693828
272,4036321523,Ali,Bagheri,$2a$12$uHcCFIYw6W5F4kC7/UBf6un.b27TZYjAA6cnHTo.YrsX7M7nk05Xy,Ali.Bagheri.558@gmail.com,09657309756
273,4017552499,Soheil,Farrokhi,$2a$12$XmsMQevjosgBosAUM2V3N.SFmaLL4j0cKqA14baQMCJ6Nxuoq51y6,Soheil.Farrokhi.148@gmail.com,09549563435
274,4013950140,Amir Hossein,Khosravi,$2a$12$RQox3Zydbqs2O5YB3hMl6uoGV0E7qRFO9jc30MFikJdiL3oxdChwO,Amir Hossein.Khosravi.763@gmail.com,09245038960
275,4024678154,Bita,Heidari,$2a$12$Xdl88px.ED8Vpd77YYRMReOiXlxR6Sx1xfQ6rKO.r4YRXfXVXipw.,BitaHeidari.309@gmail.com,09245756469
276,4021195564,Bahram,Hedayati,$2a$12$vWPjK7r/nnzwRH8FQk.i9ekGIAc.qmZ/saFYKtf6JncK61zFxKWhW,Bahram.Hedayati.122@gmail.com,09837776175
277,4015506393,Reza,Khosravi,$2a$12$5sDS3fdfYsh1a8uEf97ctuilQCANIotFj6UkQjNS5XmYU/JI5nvvW,RezaKhosravi.686@gmail.com,09317103223
278,4029956530,Behrooz,Esfehani,$2a$12$Rr/h2/f.nHcdhQyOwUvVMexJG1Aa0GJBxh6GjS7DHcI/AYSnPN2M6,BehroozEsfehani984@gmail.com,09346915225
279,4029008952,Behrooz,Ahmadi,$2a$12$JmoXOOtvHx7nFfN7VtLxOOAmudKlnhodd30oaY8ZHW.CIyi2hv9nW,Behrooz.Ahmadi.264@gmail.com,09379109074
280,4020952595,Reza,Jafari,$2a$12$nv4lkGl2MWCicQ1IA1Zyx.c/FDvf9yxflEeAzZi2nsy.x55nzO7eG,Reza.Jafari605@gmail.com,09978891928
281,4011240057,Mohammad,Moodi,$2a$12$cpUMIWXFNDlH2s64.xSqY.EAS5MtqbRFCto3G6HR1Z7BKDuxNsqUO,MohammadMoodi281@gmail.com,09518896602
282,4010250502,Shahriar,Rostami,$2a$12$kWnNdk8CcUA7MYoAezRun.IdudTyUn7JjOMkWHlLeKQ5WGzCW/JV.,Shahriar.Rostami290@gmail.com,09128626404
283,4038312377,Hasti,Momeni,$2a$12$uP/6ILr6HP8eSU1T8GemeOXO5V6CXijx7SYR7WSU4CPN489hRqKK6,Hasti.Momeni587@gmail.com,09156318670
284,4021732737,Sajjad,Shafiei,$2a$12$8Jvhj.a2ma75V3x.jK7bY.k32VWCfcwCIpZjByqIAmz/NN6EVmKgS,SajjadShafiei.143@gmail.com,09753249276
285,4019299040,Soheila,Taheri,$2a$12$/4A4ohrkuBYKc7KqOLGXkOh5fu0fV.w14U0wy5aWoDrOvU.c.ic0K,SoheilaTaheri259@gmail.com,09312122410
286,4020932085,Shahin,Hatami,$2a$12$1aaXMfT7IHyiDMFJk4zFk.hbjTztEw4X6cjFOvC7xCWqWk3a.ZA3O,ShahinHatami320@gmail.com,09900980519
287,4027440479,Hasti,Alavi,$2a$12$vc.h1ZKiaGsKO1Rjm/psouNSbuo8CCdCCmBUCECZFewRH8hX81kIq,Hasti.Alavi.979@gmail.com,09649861172
288,4012774695,Shahram,Shafiei,$2a$12$8dzkicAWR0l3FkYgXyMlHeTFe7gOo.H3Uwpmu6pyj25lxVZe0Rag.,Shahram.Shafiei190@gmail.com,09512393323
289,4011658055,Marzieh,Ebrahimi,$2a$12$Dhd4y9o4TEcjsE4Cm3VrBuSalzatJNvpwXRX59Fb/0V9r.w.6NlgO,Marzieh.Ebrahimi.737@gmail.com,09728914039
290,4039870160,Setare,Nikzad,$2a$12$025cIYH1xXw9jJrDCsl6H.0EaST3FR/TQZlnEbwnSB7FmpyfT.lI.,Setare.Nikzad.297@gmail.com,09461893185
291,4025700597,Amir Hossein,Bagheri,$2a$12$B9Ye/.uPicNlmjvkmgKTkOk1nsvLr.fJIeEW8F9fPQT4efrdNIQVa,Amir HosseinBagheri251@gmail.com,09366917968
292,4039688305,Soheil,Azizi,$2a$12$8DtyY2tdIdSc3BTA3Oc5IemTj8m9obxaq6Gv2g15j.D5CvX6ePpmC,SoheilAzizi.570@gmail.com,09942751187
293,4010232560,Bita,Ahmadi,$2a$12$GbuZeyrNFomhqpwWKSZFa.TpMhHC4f01OKYbjoKAdfe6nm.IgqLpy,Bita.Ahmadi.348@gmail.com,09990368765
294,4021385458,Bita,Amini,$2a$12$skIKvIFHnzHCfb2rkFsbIuIvR89pNh1PRVeFCSvUiDo5pgSyjco1y,BitaAmini.592@gmail.com,09277577158
295,4014548567,Mohsen,Rostami,$2a$12$CwtcNkJ8tO5/n8sWJF/d1eq20gnwgm7SX.3hio0DnW/PHPT5sE5xa,MohsenRostami.819@gmail.com,09930762426
296,4035329735,Amir,Ramezani,$2a$12$DUEJdV6PJqDaoElFVVbK/e8cpfC8pp4o2PnpEOORmEh9iOOy3Wyl.,Amir.Ramezani.790@gmail.com,09624098356
297,4031678104,Shahriar,Moodi,$2a$12$brFzZqUPFa2KVwO9uSbge.4GYENBrkEwyRugU9PkP8nShaD7UTXdK,ShahriarMoodi470@gmail.com,09177435975
298,4033072229,Hasti,Hosseini,$2a$12$cx5d6zJv1Q37t6iyIue8peeydO01DNisZ1ju0xBAiKs2xx5S8MW8a,HastiHosseini.759@gmail.com,09174647403
299,4037437814,Mohammad Reza,Shafiei,$2a$12$HMBz3vUGmhLyzu5za7HbvOv9Zqg9str7sae5cLiZ0Xz6axbSwSeqS,Mohammad RezaShafiei364@gmail.com,09987068325
300,4010063450,Sajedeh,Akbari,$2a$12$XAqE/1xcZyzOsxiQIG7yuOIBEqr4wv1PYBUbbzdgSt3CLGOkwOSv2,Sajedeh.Akbari642@gmail.com,09885792626
301,4024813749,Soheila,Sharifi,$2a$12$KNv5ZpqAxNN.TQv9qBAxn.dIWfHcUhX7I87kA2xDvUUV32Iqe3gcS,SoheilaSharifi.570@gmail.com,09281379220
302,4012249762,Hasti,Kazemi,$2a$12$1FzLLjwQg0GtIu/mkhEflOv4F5cAEZ6cUhBQgwX8aXU0OIX2RHpO6,HastiKazemi468@gmail.com,09805571107
303,4023653001,Sina,Akbari,$2a$12$VlUF0ZRcZQQe34pSkhQcrOKBWXtnGvU6LUzMoTJLRUXsKTlJ5dYWm,SinaAkbari460@gmail.com,09575064467
304,4026084883,Merhrdad,Alavi,$2a$12$m5WJbPMsQEVVUV9xszoFrOdNoYKJMOE6fk3vDw.3cVr.brPWzsGAu,MerhrdadAlavi.876@gmail.com,09701895042
305,4017052532,Hasti,Hedayati,$2a$12$6h.bRDWA72I1KIPnpTPTL.Ei8vLRsLnwk2H63jkYka84SeUrtuNie,Hasti.Hedayati410@gmail.com,09852898531
306,4039605321,Mohammad,Heidari,$2a$12$IyezoGj.Fr59LcbAhQp3Muz1MzOcDrEgm.NBj20ndrPAgG614MICq,Mohammad.Heidari.181@gmail.com,09698996573
307,4021511492,Sajjad,Farhadi,$2a$12$OewScPrsyYAA4XVvpZCtwebOlpou0EDEiKOTMlnQH7eRQYo1kOTje,SajjadFarhadi.394@gmail.com,09751738027
308,4017677089,Hasti,Hashemi,$2a$12$VfP9savkALshQadDR8QZXuAdrJRVTDPu1wW39HXUbSp82sDqbtjVC,HastiHashemi.949@gmail.com,09979271920
309,4017095823,Simin,Shafiei,$2a$12$9SdWpsC7pWOn4xaDNaZFkOcAeD44o7VreaT8JCWcweQsbD/i6edQS,SiminShafiei266@gmail.com,09528187080
310,4023441925,Sina,Jafari,$2a$12$3dUoA2eptXpkhmAjEJcYdOuYPc/qSrzIBDEf1YJbaebCFM2IRKsDy,SinaJafari.703@gmail.com,09571638201
311,4022849020,Soheil,Ghasemi,$2a$12$BDuHziWIdNybsM9x5jtm.O.VAyLwUbJkw0PQjmQ.uU1yqiPEQl2tC,SoheilGhasemi564@gmail.com,09197286552
312,4035054165,Pirooz,Momeni,$2a$12$cvxarQYDM8u46wJEuOaQy.0Ly2gZK3nTPaf6sGbYUPbJ6DIHGkGOS,PiroozMomeni.271@gmail.com,09369704761
313,4034122049,Mahdiyar,Kazemi,$2a$12$7iPcWMQSOKm6rGf50FOlR.gTO6thvUcMkycmGUN.Z9pzJF9quhYhu,MahdiyarKazemi.288@gmail.com,09218822239
314,4031610822,Shahram,Heidari,$2a$12$0OSxHrL3SUAIM/kr7Qnikuh2J3dTu1SRBbX.fWO2rONxXf0IrWGfG,Shahram.Heidari962@gmail.com,09623377489
315,4028024277,Bita,Ghaffari,$2a$12$7a2XnzuVWM3HhLBM5eJUie8Dpix4xa4JYPr9sWruiQZUMjJZrkY8.,Bita.Ghaffari634@gmail.com,09298652065
316,4029790972,Mohammad Reza,Tehrani,$2a$12$2Z4TIZkcMZy9lmNkZ7Rk/eF25s16KEtaRYIi38K9uJpM2FUEhIBra,Mohammad Reza.Tehrani.328@gmail.com,09203082947
317,4029266428,Mohammad,Nazeri,$2a$12$mKTGBVSvjScfbVnLzPGJUObYcGeYPwrUC88GTIT.kZHYWTVOMNTTa,MohammadNazeri122@gmail.com,09357089391
318,4037176030,Shahram,Mirzaei,$2a$12$2KnkuSxb9FniKelSC4k4O.CftiAraWwwMqJ8AO09Jubmoyi1ZKGGu,Shahram.Mirzaei.524@gmail.com,09218911848
319,4019544422,Reza,Farrokhi,$2a$12$I07eqfsGVOIoTTgxSGpQeOOLLZrN/K.pSbQBTuUOI7klEzgP8ykAO,Reza.Farrokhi678@gmail.com,09299027746
320,4029311242,Bagher,Alavi,$2a$12$z5Eh2bmwe/0YFULJPlpMXOAfrwoqFXPVcs4aDVedYOour1RA7.DQW,Bagher.Alavi215@gmail.com,09795810953
321,4035753550,Shahriar,Heidari,$2a$12$CONVoM8y0Z7SOmbn9uInJeDwhYRFc.S.Z8KIEZCaU8IEeLIeNFPHi,ShahriarHeidari.678@gmail.com,09880269017
322,4012940197,Amir,Tehrani,$2a$12$HOx//r531t4LUe1TvUOWRub6mW1Blym/Ms75hdwcOHN.iXEjmBOiS,AmirTehrani.889@gmail.com,09947178863
323,4011423589,Mohammad Reza,Hosseini,$2a$12$HTMDCg5Vf6A5xOY6JZwy/umdO0DDGy3YdeQBQRoK.RxJTdWrsBIw.,Mohammad RezaHosseini.150@gmail.com,09203541089
324,4028985288,Neda,Heidari,$2a$12$vdy.AUHPPp0to7jNXhCHse7EWtSpHWlmSeQi5WakfNTlfzZ5q0Tvi,Neda.Heidari.541@gmail.com,09627346729
325,4015405162,Bita,Hosseini,$2a$12$WyHGN59XG8oh2X2eCokiE.v0CeL0YiBdxzXkdA3jhxBVDEpDOanMi,BitaHosseini216@gmail.com,09916889407
326,4032079003,Merhrdad,Amiri,$2a$12$9VZ5fCMqO5kIPUTAas/nKuLpVNCOqUL/NB/V0QeZB7Ae/xjj57YCK,Merhrdad.Amiri.143@gmail.com,09650863567
327,4031339151,Amin,Nazeri,$2a$12$zR4dvbSVfUoMYCY42QSdV.PCo/qSWvL36UW7fg/iwbpw.YiUgOstK,Amin.Nazeri290@gmail.com,09607638970
328,4012798358,Bita,Moodi,$2a$12$jjxWAUf8EBznWSeNXOpPA.2enTO70WuZd5oT4Kcmp9emOY2AzlH2G,BitaMoodi136@gmail.com,09417042071
329,4030540001,Hasti,Azizi,$2a$12$mPwV3k3f84yNkEC5wbnO/OCx3BcPoa14gIm6kG5IKMDYdp6SOxcc2,HastiAzizi.168@gmail.com,09335452435
330,4012626021,Firooze,Farrokhi,$2a$12$0XIO1WLB2zIa3Aq2o0ZX3ujVCnV/Q2Gc3S32NKsMNNoZgwcQz/aoG,FiroozeFarrokhi329@gmail.com,09751684194
331,4037871843,Hasti,Nikzad,$2a$12$slFw5sUFc77fzAPQrp1xw.f9XjtsstiSB2wEpvIJN7CrOAzbmYkqC,HastiNikzad146@gmail.com,09761372462
332,4039445874,Ali,Azizi,$2a$12$j16Gb4S2BXPdnMfhbngPm.vvJJpZ.z71VFKFLx9K7b3BzIXEGMCPO,Ali.Azizi.709@gmail.com,09999475147
333,4014822928,Simin,Farrokhi,$2a$12$CyQ6tI0igo67xw4J/qxZ4.aXxtT9ty1AOvq8fN6qW/OLY5TE7zX/G,SiminFarrokhi474@gmail.com,09381681565
334,4016838364,Hossein,Maleki,$2a$12$xE/L92xKct2EeEmhttEnO./0Ic.I1Kq.M0abZ18xmjyyKIm40Cqee,HosseinMaleki.299@gmail.com,09727930241
335,4035820856,Mohsen,Momeni,$2a$12$0sXF0f0pnINbrityTMnFb.T70wRs63mSxF7NH7awJ3C4J75OPBOjq,MohsenMomeni224@gmail.com,09852005522
336,4016211513,Mahdiyar,Mirzaei,$2a$12$91/Tk7AcKttoK9w/bRlF7uSjbn4Gf3ASne.EYe8ag11qUbBymaBze,Mahdiyar.Mirzaei.206@gmail.com,09641415879
337,4024031967,Fatemeh,Esfehani,$2a$12$fISuTmjmymab8pHla0O4AuWPHqoKllyLiKMTSYXZeQi3FeuuiSqpG,Fatemeh.Esfehani.146@gmail.com,09284828047
338,4016168935,Pirooz,Bagheri,$2a$12$toWjw5Bb/tAI10iYauu0mOTbn0jcAVk7vAL3ipQciiaHLj6/sSwCe,Pirooz.Bagheri.627@gmail.com,09279697603
339,4018290572,Fatemeh,Sharifi,$2a$12$V0qVxvbfcd7MuS4lFUVTdeuesUEJksGH2ATS9SlXhrWO3.pWz/hFS,Fatemeh.Sharifi.199@gmail.com,09125697621
340,4017876326,Rezvan,Amiri,$2a$12$Y.apz4saRRPP97L2yWmOSOjKyQp2DhI03b36LsF2sYEDWExv0MoBW,RezvanAmiri840@gmail.com,09111720556
341,4032493868,Sajjad,Ebrahimi,$2a$12$9EwsGkiS../eSGASOr763.irZGu2d/Cd30s.CcwVU24txC8rzyfoG,Sajjad.Ebrahimi126@gmail.com,09943504933
342,4016727207,Ali,Ghaffari,$2a$12$Md9IDDFg2c2R04mwQYk6Ie3HCV8Q3rw7wcu4K4XLTu2RGrOzaTWoC,Ali.Ghaffari206@gmail.com,09996279886
343,4030766129,Neda,Bagheri,$2a$12$HG4fXu1WipNpV0iPHzhgju3yqqhOCje2ErgfiLaIo82naTr5f20x2,Neda.Bagheri275@gmail.com,09953490745
344,4026511195,Mohsen,Nikzad,$2a$12$g8gRVrkfPI6PP46NOjDfHeuJwOmimvFrftV4SzlFPXRPsNAsZb.ji,Mohsen.Nikzad.198@gmail.com,09759244452
345,4030110649,Shahin,Maleki,$2a$12$Iy/JKiHDJr4171g.XWtRl.C.ub2zgWmbPkOjhXWyRTzHiieaLYFAW,Shahin.Maleki.258@gmail.com,09258168636
346,4018671564,Mohsen,Amiri,$2a$12$Y4Q91ZQAbCm9vLraAboI2edfDQWRD1MhXCOmM/9HLRpJKFpSHRbF6,MohsenAmiri.858@gmail.com,09596361695
347,4024236685,Amir Hossein,Esfehani,$2a$12$prRYO1hCu8U1zupKKtJPPeSvMESMDe/Wl38H8qSwAWoDOev4jdXYy,Amir Hossein.Esfehani927@gmail.com,09650924900
348,4036620764,Mohsen,Alavi,$2a$12$PylxQ0B2dL08rVaghS2M7.6fc7rrZCCeG9Q6oyn0R1BIn3M8.oUBW,Mohsen.Alavi.454@gmail.com,09556679735
349,4028924552,Sajedeh,Hashemi,$2a$12$fpELeqpKNs1htcjcPzF/suD/untqgn4SAAWbfuSXmp4VuyzP1Fngq,SajedehHashemi867@gmail.com,09818854961
350,4012357514,Hasti,Jafari,$2a$12$Z/YLFjL2siqV5FFUElMEKuoMN99wnxv9xBRLYmR0NQFFnPOY2vbDm,HastiJafari278@gmail.com,09678465964
351,4025890872,Sajjad,Amiri,$2a$12$Vz4gd2NHrLOaOvsyy8/3mOENEvWnRpSR1sDSEu53mDpGne6ajoAiu,Sajjad.Amiri302@gmail.com,09218795519
352,4019440104,Kiana,Hedayati,$2a$12$PAgFsJu0X0Gp8cEQkvUvxuvgTHr/jJrjpVFkSofh6NlBnR.46UlmO,KianaHedayati891@gmail.com,09931798643
353,4011427529,Shahriar,Amini,$2a$12$NC6EW6d69LQRx7HuM3QoJuMo/JMkHRAtqCF79pfRsAyI6Vdu/6amS,ShahriarAmini100@gmail.com,09908469881
354,4014006660,Chavosh,Moodi,$2a$12$D8aDHvX04e0Wwh9khGF7Fu.kE2pLA3Sh/DqVKplFABhtuKw3N4Siq,ChavoshMoodi.125@gmail.com,09363102510
355,4013217373,Farnoosh,Hedayati,$2a$12$uVp3fuG8Y80W2D7TYvtnp.OAEM1yBSGurPibF/eHwxHaYHmTsk8te,FarnooshHedayati784@gmail.com,09808445657
356,4015441628,Bita,Momeni,$2a$12$ZhsMpYM3AUBa1eVqDM0nNOXMWLud2mBaR8ST5g67D112HypauamNe,Bita.Momeni.793@gmail.com,09153407261
357,4039187000,Soheila,Khosravi,$2a$12$TQoi8naIWueMjgNVm9lVterrCmVatKyaYmSW7kzrtmEWRS1mEU4TC,SoheilaKhosravi.778@gmail.com,09318767461
358,4017277033,Kiana,Ramezani,$2a$12$eTZbBXDxaCkign2CV4gkgejGptU.w3xpWjR1jBiPbJqm/tFoLFLTq,KianaRamezani958@gmail.com,09749161996
359,4025371268,Shahriar,Shafiei,$2a$12$Ud8piMK2AZB0MGEkaNanquVsXM4xegrxhJIDk/ohQh93jRRL1GHPW,Shahriar.Shafiei732@gmail.com,09512024903
360,4011605839,Gholam,Kazemi,$2a$12$tbgwluXZlldAyWcwKLy2AuCKEre.gpU8.HQ89K9w9EfPjAxAuqmZW,Gholam.Kazemi765@gmail.com,09200649157
361,4032029830,Shahin,Fakhri,$2a$12$jrz.5eT0AMgTZtkPel0Fe.OvCDyCtseu7ng8WGTAooEZl2mu7jq3O,ShahinFakhri.261@gmail.com,09364950440
362,4034213881,Reza,Hatami,$2a$12$kqrC47lse/mlizhwIwj1ZuGF54dUS1/9OZmzMUJUG2UzRtMq7gDgK,RezaHatami.839@gmail.com,09572387079
363,4032724194,Marzieh,Mahdavi,$2a$12$gAtQX/9mSKESoB5UHM66JOMdVHgdib7AzaVsoAwWWIsd6N1pGt5cS,Marzieh.Mahdavi733@gmail.com,09168881117
364,4013533187,Merhrdad,Taheri,$2a$12$.FA5SEy9Q5fHJb8QQjaiz.sUxWsni.Up8Q82kEZ2epyQ32cemZqze,Merhrdad.Taheri.764@gmail.com,09744069746
365,4028423699,Simin,Amini,$2a$12$w6Q0MuVfv.zmyeiJmr8N2.64.WDWwhvTJYIYy3OmO9mREEqZ.7X.6,Simin.Amini706@gmail.com,09795926278
366,4012707520,Bahram,Amini,$2a$12$JSSXAWTPJVwldSdvCxOrZuqmOXon/bbdDiylTEWCDQTiTqVNG7rC.,Bahram.Amini.473@gmail.com,09713729909
367,4015772181,Bagher,Tehrani,$2a$12$B.fZCept37tNTF0vOftdj.qyNwPFI8xE36C4Ke8B8uBmFKrtgZa2u,BagherTehrani348@gmail.com,09103973690
368,4031307878,Hossein,Amiri,$2a$12$gNPfS9Tvrc146JzlScq9V.Myvs5I0FoZxnq8Tt5PtpKWH1CS4Jcee,Hossein.Amiri.447@gmail.com,09805566696
369,4026687812,Mohsen,Akbari,$2a$12$aFgXOnem8lJjuH0iciyyLuX.6zsbz2SA7rDYmMnIHU6JZIdbZT6iG,Mohsen.Akbari726@gmail.com,09912439390
370,4024530125,Rezvan,Amini,$2a$12$SBuMFXm10N7Qy2UZnBFEy./aDVmsJpFR25rbWP4TZakWyEmPnua7S,Rezvan.Amini536@gmail.com,09571617603
371,4020958779,Ali,Kamali,$2a$12$KiJJHcKVXs5mbq/K/h1/OO0rE1ifz8zvpIGe/2Flem3jOtjCE42la,Ali.Kamali.217@gmail.com,09919295122
372,4033266205,Marzieh,Heidari,$2a$12$2emtboRXiGyUwIn3fidhyuBfLB2RU72IovQBMPcwY5CRKfZ8IOoiO,MarziehHeidari.467@gmail.com,09748027074
373,4012757812,Gholam,Amini,$2a$12$Yfv.47I0Ax7f3rGWU42SK..rAAfvINbjPtoOqtuut0pUxmofiyUv6,Gholam.Amini614@gmail.com,09768960990
374,4018370737,Fatemeh,Nazeri,$2a$12$2mD0KMxPf.Y3bbLomBC0u.w7YI9N1Ti23oAIjZVC/4eC5L1DyXXIa,FatemehNazeri.574@gmail.com,09229428470
375,4035811458,Hossein,Akbari,$2a$12$xC96oeZj1N7yZNlSCWcab.LQI5ADBXMjWdGSbO.4gWNgYd0pTpiHW,Hossein.Akbari637@gmail.com,09562768265
376,4010383879,Neda,Kazemi,$2a$12$lME25DrUoKsXhKPbOII8jeRTuvy7X4GS3S0qJWFOalZNovjHpQKMa,NedaKazemi.265@gmail.com,09325100968
377,4032862701,Neda,Alavi,$2a$12$jRo9223BJgnFQtYKPz27xu4UVB6eWZy6FtxgC7xuaWOQccJFbLiJG,Neda.Alavi859@gmail.com,09205341290
378,4020028857,Sina,Alavi,$2a$12$l4wVUb2aJ4EnQlTRPVwX..Ht74B..oSbX.J8QpyR3KX/xIXpA88c2,SinaAlavi266@gmail.com,09564186071
379,4015173385,Marzieh,Fakhri,$2a$12$H21lPP3.yczcF9YwiXMfb.uspxEQ.k9xou1EXmI6eAuoK1rm7lWwm,MarziehFakhri.463@gmail.com,09788697811
380,4012215682,Niloofar,Farrokhi,$2a$12$qQJyPGVolwJcS9LOI5E2c.iAG6TuPDcGdeP3Qm/KePRTdMgNHalXu,Niloofar.Farrokhi621@gmail.com,09918026442
381,4037900842,Kian,Hosseini,$2a$12$1ECOLeW9veGCgVc.BwaVOuOBiRHl4ld.si.lOZu1QafrB6wTEfQ1S,KianHosseini494@gmail.com,09892759459
382,4025145051,Amir,Azizi,$2a$12$LCA2G.p0sDy0q2.am1XQluSVpYtQj6H4bOfojNzyvt0TeIhnasnoG,AmirAzizi173@gmail.com,09835213385
383,4020699786,Farnoosh,Moodi,$2a$12$mjbE7oJt2S0pzRNavdYo4eI6Q.C4fq.fnfZCAy7oo4.s/7nIPqMR6,FarnooshMoodi858@gmail.com,09136528614
384,4038574023,Mohsen,Rahimi,$2a$12$NTN.K78JeIs7IqZRd9dNA.wuUGATj6H.SwWAGVjgd5.35GEM.g5Ha,Mohsen.Rahimi.172@gmail.com,09959726897
385,4023774232,Gholam,Moodi,$2a$12$iw7c2uT3oLNlzrg9iavL3.0RWgQFCL7scRD2hScOn/HgFVD00yflu,GholamMoodi889@gmail.com,09576095531
386,4025606100,Mina,Ahmadi,$2a$12$Ykuzv8JD0kgQTctFPESN8uAaVuOF3OFBIvcjIq/dP3O/zTrfUCoNS,MinaAhmadi953@gmail.com,09520011968
387,4034798058,Neda,Maleki,$2a$12$zLIgZNkPmz60xRbLgW7hGer5CNIdX9C/xHuE6blpv5EoCRmqHFSS6,Neda.Maleki106@gmail.com,09550001746
388,4027048145,Niloofar,Kamali,$2a$12$dX6Bw387trxH40NXrrhctOeka29notYuSov7L75aVMBzgmC2YLr/e,Niloofar.Kamali773@gmail.com,09375711013
389,4018316743,Marzieh,Azizi,$2a$12$W1Vyi7kVmkZ6GvfeVvTvyePt8dQOn1K1jJIDs3vJvv9waFTJB9CGK,MarziehAzizi148@gmail.com,09635417497
390,4025008309,Mina,Jafari,$2a$12$zbZ4dmUp/R5EI9rrHhyNbuZci3CsVKFrjF.kzPpCktESfYrLnsmKG,Mina.Jafari619@gmail.com,09620703662
391,4039367944,Bagher,Amini,$2a$12$M.nFqUGVZyWwW34LRitqN.DkGyOw30Z.B2YVraloMkDie5c8gkHHq,BagherAmini.532@gmail.com,09218829305
392,4025838949,Sina,Hosseini,$2a$12$Txgl10JZQtSpFMhd6iXBCeAhnCmgsUw4BB27ZsMoNxCtXxztRv052,Sina.Hosseini198@gmail.com,09356841406
393,4032327507,Pirooz,Ramezani,$2a$12$tCAv3.xsQZq6TFU2aRGGwufXagTZnc2psUIADkIY064JafN3xVY6K,Pirooz.Ramezani633@gmail.com,09880328737
394,4025362329,Simin,Taheri,$2a$12$i2IpnLTrpPme62V/FsaFZezPjQ5kMqE52xdXzh25WGzI9Bjf4UXtK,SiminTaheri.204@gmail.com,09539427460
395,4026374417,Mina,Farrokhi,$2a$12$4lGCU5s2S/bu6qwunWqGmOmwhyuFpBkfpvlulRoXoi.qVh01qLPF6,Mina.Farrokhi269@gmail.com,09982824270
396,4038504789,Setare,Hedayati,$2a$12$DVyi4yhvmxpjCP1BXxUNnOOuK5EllUAMAUma6rSPufNtGw/74JJwC,Setare.Hedayati.935@gmail.com,09122134171
397,4022936023,Rezvan,Bagheri,$2a$12$VmZ6LzVmE0cP4U4w2pDZP.VGktKmlVyEg12zo6hPv1lIQpRbHbahq,Rezvan.Bagheri591@gmail.com,09588738139
398,4030524741,Amir,Nikzad,$2a$12$/HRB0BjAus2qmjXOKXbDa.Scv4zPyHs1pTtfuMOSOCZYQm4pIZDtC,AmirNikzad.977@gmail.com,09760790499
399,4017870042,Sajjad,Mahdavi,$2a$12$s7PzDmF6.C6s/WcKexFMtuKIav5KXi5szxsSgHSkCleqlm6XU6H8C,Sajjad.Mahdavi.432@gmail.com,09447189662
400,4033301487,Mohammad Reza,Rostami,$2a$12$FN98Q63rcAjawv4aZ.Ii6.oOyjpELoXVfyt8veTbwIlnW1Y8JrXTy,Mohammad RezaRostami.559@gmail.com,09120980486
401,4033051920,Farangis,Momeni,$2a$12$iHOhYG5eUnXPhpn4O6nxwuEUzf79/tOHTBmFdB75U.LXfdPRoOrAe,FarangisMomeni.143@gmail.com,09881814349
402,4038224584,Amir,Esfehani,$2a$12$hcMixbJKzLALhifcl4tMYOOumNljIg6giK5/maSjQP5oERGoUHVre,AmirEsfehani.242@gmail.com,09105437543
403,4010589577,Amir,Farrokhi,$2a$12$6SCkqpXD.G89EmJ0Y51xt.NTjKweBAC6MNdfNK1eMVlY0lXb5ZhpC,AmirFarrokhi225@gmail.com,09416396842
404,4037822233,Bahram,Ebrahimi,$2a$12$hcdyU4QLql3wT7kIvSk6W.DIlBY3xmP4nzN2BCHIDHgG8QGB9CTWW,BahramEbrahimi.133@gmail.com,09898818240
405,4035971225,Mina,Rahimi,$2a$12$6jRA/V93sG/AeSTo7ix1KOh3Er4qwmfHuzhIPlX8ncmyg60VrshuO,MinaRahimi667@gmail.com,09971171042
406,4030144929,Sajedeh,Hatami,$2a$12$nIpRGtCyNdGLlgjgaarj9.776orVPw5LR2.DzDtFs6qCImbuKzX8e,Sajedeh.Hatami520@gmail.com,09111610370
407,4029848284,Chavosh,Taheri,$2a$12$cymZD/2VfKZGneGCSUflmemzPuImMEkWcU6/BJPuJwxiyBxMw22JG,ChavoshTaheri.310@gmail.com,09607708724
408,4038098408,Soheil,Momeni,$2a$12$/OzUauCj2TlnEEy5y5XUkOX188xBfcVo7lsyzgHBhoPI23/oTV.3S,Soheil.Momeni791@gmail.com,09737686488
409,4032892536,Firooze,Mahdavi,$2a$12$bGmXe6Nf1LhQhIlICVV4c.Q/ZLvOssRgTky5ySuxBzX/jxTvgGX/.,Firooze.Mahdavi923@gmail.com,09936140739
410,4012420051,Simin,Rahimi,$2a$12$Mbgay56W88mvbx54XBKJS.TgNklVytQz3IoB4HOFe4BQhFD5/p0Vi,Simin.Rahimi680@gmail.com,09976798292
411,4030224046,Amir,Farhadi,$2a$12$R4xDgoWF5kmejNUq4l3AO.WE2RrYJGDIHPxdSbqmL1fj4T9fEYXS6,AmirFarhadi.120@gmail.com,09398610820
412,4018373801,Amir Hossein,Heidari,$2a$12$qUi6Pl9AqNMX46Asdyd1eOT9iYTGNTJoCjvsZTyaLvg3WsUVYaVJm,Amir HosseinHeidari200@gmail.com,09836760152
413,4023094628,Kiana,Hosseini,$2a$12$9GcjKL62awpngB3mqPVPNeo5ATRIAwbY4SgwV3KL4VBojDYDIzWrm,KianaHosseini430@gmail.com,09976453730
414,4030091995,Chavosh,Esfehani,$2a$12$BmOI2NqHcUwlwe1u3vmHvut9VyOPqixgTptBeD6jUxywBkhqDuevC,ChavoshEsfehani.985@gmail.com,09108322099
415,4024732180,Gholam,Heidari,$2a$12$cw3psx.8C.1A5YjAw99MSOQYRkKllSzVmmFqihHJdH0KiXwJSIb/O,GholamHeidari311@gmail.com,09974059184
416,4037206757,Setare,Farrokhi,$2a$12$/3ELhAGqNNkiY1sKdNJyA.6eGtIQHajNLhXYRpAZeaxtdb9lvKIhC,SetareFarrokhi258@gmail.com,09595167671
417,4011186379,Bita,Hatami,$2a$12$9VeRmh/LWdJ7pBiBGPsG8ODEV7WdzT5y2Xgv3tWZ37Em4MCmSBA0e,BitaHatami.589@gmail.com,09289264819
418,4026005816,Hasti,Amini,$2a$12$Ept0Va9FDhNvlyZ6eYbIheKu4H9osjnp2C9rV4PQ5J2e3eKttKfDa,HastiAmini.411@gmail.com,09103330681
419,4020048077,Behrooz,Farrokhi,$2a$12$SK.b850FMiErtDRvaMtLcuxWhayijJ0UE9krX5ZLemosSvk/ecFFS,Behrooz.Farrokhi275@gmail.com,09218934070
420,4016890639,Kiana,Hashemi,$2a$12$W/5ABCKDbAJMlK3xmoEhweb1PrVENbVzp7vaWKce0hyqGd1hRPMkC,Kiana.Hashemi.772@gmail.com,09344449162
421,4024488793,Ali,Hashemi,$2a$12$UE6kKDGKck3ptSnT2dkIs.4ePmMeLhgqxJZuB32zDXWmDwHNnL36q,Ali.Hashemi.174@gmail.com,09659734761
422,4034019182,Bahram,Rahimi,$2a$12$aOXq/DEvItUTLSp60uQe3.JR.yDHyFNCgUugBE2bW3VOugXVbUpKO,BahramRahimi389@gmail.com,09411259292
423,4013427759,Farnoosh,Kazemi,$2a$12$ptcBh1TNXA7pakTQXm2fOeR/ao1Sj67BxzHDgfqXaS4Ckw4EVZU6u,FarnooshKazemi.814@gmail.com,09580009528
424,4022931838,Hasti,Fakhri,$2a$12$o26X7Vp2aeFIdc0nPf30p.LOZL/n0hH4w04fVH24OnZYAEOz4qTTm,HastiFakhri.813@gmail.com,09516306877
425,4036652552,Farangis,Rahimi,$2a$12$lDKt7Yh8FvPC8tjRRgzVsODTtWNrSz.HqhTSTxRElZkqotDhEpN9m,FarangisRahimi103@gmail.com,09140970570
426,4032502716,Farnoosh,Heidari,$2a$12$.9Cy4BSQyD0vgTGAK1dkKuZSGLgP5A286i3sdupGfmdhdPZE3e96O,FarnooshHeidari786@gmail.com,09378809067
427,4012302877,Amir,Rostami,$2a$12$sH4tib.w3CXrlzymwaZihev0kww/tcKRrZQPfUQB54Bq5D56vr1Gm,Amir.Rostami.739@gmail.com,09899440937
428,4036718826,Sajedeh,Azizi,$2a$12$KTnYVKM1FnfZ6Ah.ZYM6he71iWfGEQTjSn7LBbhJhra0p6C0ri2Lq,Sajedeh.Azizi.138@gmail.com,09436079453
429,4039184737,Niloofar,Hedayati,$2a$12$4e2Zmwygml8Usl34KhcWCuLDGymGiAZzua56FJv3AqdcNOp3rZhte,NiloofarHedayati483@gmail.com,09579907030
430,4023741732,Bagher,Nikzad,$2a$12$LFwORmzFyYm9QmSs0dajyeb2ua7fzwkCtLiXpksZBJ8kcULfrx0y2,Bagher.Nikzad759@gmail.com,09717876784
431,4018190323,Behrooz,Hedayati,$2a$12$R7ISbeKQllmImQHVSkGie.23y7ltYuhywEJHZwupfzciZzw.0qw5e,BehroozHedayati664@gmail.com,09411851160
432,4016039028,Kian,Bagheri,$2a$12$gHhAFqfUshTDwUW7sYXES.mozQ/A2Y0WMQXzkJAA8Xp7xbJOdlE.m,Kian.Bagheri.493@gmail.com,09558140410
433,4016016799,Farnoosh,Ghasemi,$2a$12$9bg/C2002We02A1.RBpxn.4fMXEH1Zh0i8mjSpA6.e51AmHwCKM8y,Farnoosh.Ghasemi.548@gmail.com,09693227047
434,4037204721,Ali,Moodi,$2a$12$rh3lHbp7jCCcDvQurg3x4uEQTh8sglPS4HwqEl95DcXQ0BwDLg3l.,Ali.Moodi893@gmail.com,09671526475
435,4033775725,Mina,Ghasemi,$2a$12$BFWc92j/sYqLR0GKGmwVP.O72SfzLJOs/NPB.qxFh2M48FyeFHPuy,MinaGhasemi469@gmail.com,09327886650
436,4013134621,Amir,Jafari,$2a$12$YjNqe1g.huUV6MoOnsGw.u9Ei/hVU5DXgRsDcFFtL3ER3w6Stpxo.,AmirJafari.727@gmail.com,09865735134
437,4017615788,Shahram,Kazemi,$2a$12$smOM.mRiFQkedrOhPOXSH.iHw4sVKeXZvm3NhbfGxtlwayUJxPBOK,Shahram.Kazemi.106@gmail.com,09806449027
438,4024019724,Hossein,Fakhri,$2a$12$djKWo9jnt1S4501DvSrb4OzPPjdt2hvE7/Qlb1yt5AgOKVXv6MN6S,Hossein.Fakhri.989@gmail.com,09844661062
439,4020803127,Mohammad Reza,Esfehani,$2a$12$JnE/q8xjBvt0m24LOB7ue.E0aYEE7Lzg/87Kamfq4BPTN1CHjJBT.,Mohammad RezaEsfehani.748@gmail.com,09749470434
440,4037167067,Behrooz,Akbari,$2a$12$SSt43rfLk6MmGfx75dhyZ.P9SWDMeoHVdMk1NMikCXFteqBsECQom,Behrooz.Akbari.760@gmail.com,09933243732
441,4030107356,Sina,Heidari,$2a$12$enzN1e9Xm2jAsPlSwezvj.CxL4t2bMeuRm/77gzfYHp04qAelKESm,Sina.Heidari.307@gmail.com,09706062045
442,4017949369,Farnoosh,Farhadi,$2a$12$IjgD2AaaeZ7pEBkmOl5KJ.mlmt/fxeVA7tL/PoZhnMLNJzMHXUCCe,Farnoosh.Farhadi104@gmail.com,09299131834
443,4031230954,Amir,Ahmadi,$2a$12$n3OAvDwOyU5.eCo/KyaGceFdN8xsLDblUuDaZ7hdfnyNfOfpy3v8W,Amir.Ahmadi.669@gmail.com,09575424271
444,4013279525,Kiana,Ahmadi,$2a$12$DSD2eySkgU5p8yF5Z32MnO7mzvewK9R.eMmZw43XPVkcUs0/sdrBe,Kiana.Ahmadi134@gmail.com,09157721025
445,4023894927,Amir Hossein,Amiri,$2a$12$1I7fiqyvqniVxOh7RvSCEe6W7A1cDiwFbnLnNhe6tz8greOYG3Gz6,Amir HosseinAmiri.253@gmail.com,09611466851
446,4034781720,Mohammad,Ramezani,$2a$12$z0sPMLUq/wSOQvJ5lw3JRuoHnV.yMnA.89zlFleLwxb.sX1FUN5KC,Mohammad.Ramezani.439@gmail.com,09681066801
447,4022246169,Hossein,Farhadi,$2a$12$jc/MTBiP/brrzEnkLOAzuut0szOnX1WAvxaeDn57Ta24XIhv0L9m6,Hossein.Farhadi894@gmail.com,09567534579
448,4024192282,Gholam,Maleki,$2a$12$Zk20.yomGgo667eRkAye9O7xMwrm7r1Bc3.4DKjzXXOukORudQFWS,GholamMaleki515@gmail.com,09735034362
449,4025107541,Niloofar,Taheri,$2a$12$IGpTW0HduQvBYGH33WDXrOay.ugl5Q3BDvshC4TKx5wYhDDSdSXPO,NiloofarTaheri.475@gmail.com,09609272282
450,4015038285,Soheil,Alavi,$2a$12$9LEeXz1JIfrysJKp3LZnv.UIcrc7MjsrAG4cEm7EXOFD8KLHXWPRC,Soheil.Alavi.385@gmail.com,09229084203
451,4032331835,Simin,Nikzad,$2a$12$.kvOHxO7iabPY/qOzMeND.lLca4BIEIxxtoRFacJEbQbPBY0iVgKu,Simin.Nikzad156@gmail.com,09292268036
452,4010089400,Shahriar,Rahimi,$2a$12$8Y8qRo5NcVswt0eEA0Ly0OGWEbTrQPS5GS9Qsi1S6cGXrQmeqf466,Shahriar.Rahimi813@gmail.com,09941159999
453,4036573175,Sina,Farrokhi,$2a$12$8tt0aCDWrirLbYiqGjfbZO.PfdiV0mzn8o.AJq79lpRNtVGatZAQ2,Sina.Farrokhi.729@gmail.com,09192666638
454,4023608288,Mohammad,Amiri,$2a$12$YiT/yu2Yzyeeyimg0fU4Ee1nG4S.lf6XWWVXaivkDmvwfHcYYT1mC,Mohammad.Amiri.114@gmail.com,09315973009
455,4032198936,Neda,Tehrani,$2a$12$mnG38obrLWoncYTE.DqN8.dpsaQWnyGjpMNzPsBnMZGAjvB7FBWGm,Neda.Tehrani.473@gmail.com,09122355619
456,4034633128,Sina,Hatami,$2a$12$04MJH0TY9D10EvzJurALGOlpHrrlJFvwX11ucMow7HZXgYg6VkxO6,SinaHatami.271@gmail.com,09791256749
457,4035397821,Farangis,Kamali,$2a$12$j7JkEXt/kPt5vf9vloFG4OKhfvBmklh.ciW758Nej4yV9YnzGGzrS,FarangisKamali.651@gmail.com,09181355874
458,4012603134,Farangis,Hatami,$2a$12$TuzbHYnJxKm8RlFH2zQbRe/9BVldtIF.PBR5v7cHE2MT71FwFnbre,Farangis.Hatami268@gmail.com,09517376830
459,4039394338,Fatemeh,Alavi,$2a$12$/YrFWypws/MSfuy.Z78SNez.8KO94CF5YDAduOkr6PBUee3PzBYz6,FatemehAlavi254@gmail.com,09200358888
460,4017298509,Amir Hossein,Kazemi,$2a$12$oFRZs7KOj1akCGtF2d024uroyVUlwXIndZJTtvKdf4LJKc.ufAqS.,Amir HosseinKazemi.495@gmail.com,09162622822
461,4039483443,Behrooz,Shafiei,$2a$12$P2.HmpoLKyJ9/GCSJhS/luacxfVELczJnhfIDn5e3YEteaQbBnJrW,Behrooz.Shafiei153@gmail.com,09195746696
462,4022420744,Soheil,Tehrani,$2a$12$5iIJ/e6KBw1nrZlCJxK5juSdY9x8X0rLrxNN7VR.HrsJPylyEwFwG,Soheil.Tehrani576@gmail.com,09224700309
463,4013811208,Soheil,Amiri,$2a$12$SWhph20jg16A6bJkdaHNEud0R5ZQLGCHpft.QyQ0vZljl8R.uI5cu,Soheil.Amiri.627@gmail.com,09692395375
464,4026808435,Hossein,Taheri,$2a$12$EmM.lQi42/bMqnhLAuTXkuSzuTxnQW6HUbM3HPwQT61ej50.xe9Em,Hossein.Taheri.245@gmail.com,09805858485
465,4015857041,Hossein,Nazeri,$2a$12$2RnMQlGrnk0dzCVv1Xs.COiSs8Ckn/S1RHu23K11exITLcgpW0MnO,Hossein.Nazeri554@gmail.com,09660494845
466,4024308156,Merhrdad,Moodi,$2a$12$7H8/F6sJ8/y/w/aksqU2MerDfNWLlXX85J6aJ64a1HZlZIhlk7Ty.,Merhrdad.Moodi.106@gmail.com,09220257416
467,4015514499,Rezvan,Moodi,$2a$12$tOuphJbiKTpf8khkyPmnke1WwVGCWhRlMMg4b02AWtg/Im/xkRRZm,RezvanMoodi847@gmail.com,09734972207
468,4025745425,Bagher,Kamali,$2a$12$R4bHbNjKvbxUMr3Yb9AStexa5yl7KWDw9UsRB.cYtLhO1/DwjBZiq,BagherKamali.503@gmail.com,09432700385
469,4028723640,Shahin,Esmaeili,$2a$12$cit4JTpDS7D.O4MJJEIka.oK5ol/Fk1iA1M6/azL7HvwTpWlBXSgK,ShahinEsmaeili.471@gmail.com,09143641536
470,4026059435,Kian,Azizi,$2a$12$EiCgp80IKwmduydBHMjNDOfn2IdrYGdIVwnOWgxvwymtsyNPF.6VC,KianAzizi.181@gmail.com,09627227649
471,4013707688,Amir Hossein,Amini,$2a$12$qo8VPGXtN6WaEoDFX9liveB4gJUYwvQ1.fOa9PX7ibd8C6iDafI2C,Amir HosseinAmini314@gmail.com,09609816411
472,4027031282,Sina,Momeni,$2a$12$kWvZz1Y8d/jlRIGQ48pSX.PL0aYPBvL2mu209EkAgoTOi53POv7Ru,SinaMomeni.730@gmail.com,09131206098
473,4025530149,Neda,Kamali,$2a$12$nzFzptKSPkSGewSfL1KJ/OAKmXIc7GZEzu2cLxpUufBrp.UVg3PFC,NedaKamali.666@gmail.com,09747079879
474,4029734825,Pirooz,Jafari,$2a$12$OmsyzvyYC3zNHqnnjKDOPeCtMFW2V/bDHnIqj2ZD6eJQBV3BzFhn2,Pirooz.Jafari.209@gmail.com,09223074926
475,4014821050,Neda,Farzaneh,$2a$12$eFTh0m.Igd3ug/oc94uHLuneJPdoLs9yLX87xEV.qHx2ZLjK8Ql8e,NedaFarzaneh.966@gmail.com,09227891499
476,4037524027,Bagher,Bagheri,$2a$12$bSS/ZbN8FaA4K0ZPnDbyMuQ4bKzcOjwkgiqZ31sIdK1lFeg/foPFG,BagherBagheri.867@gmail.com,09948861530
477,4024561550,Sina,Nazeri,$2a$12$i3jp.xJ2nuejPQLrcwC81ej4ZfnmHZEWMkHbUripH6ZiTZwRnawOm,SinaNazeri274@gmail.com,09945946155
478,4017926568,Amir,Esmaeili,$2a$12$hsos7cbu1.guJxf4qB.lXO1zF7mCkKOFSzChnWus1MvyGySOz5/we,AmirEsmaeili172@gmail.com,09916134297
479,4038379043,Mohammad,Jafari,$2a$12$GisUuZixCjLASp.jfflPEOodQH2r9/VKJFi68kpZhr81u02n1bgNu,Mohammad.Jafari423@gmail.com,09622228680
480,4017345695,Farangis,Alavi,$2a$12$ljs.16Kakwp6jPmn0MIGku6XsMMdjsmpzSRGGDOnNxFl5C8zDCKlS,FarangisAlavi.945@gmail.com,09606455262
481,4013070252,Mina,Hedayati,$2a$12$U6S166BbU5Rt4yZlLmPa1uHE/Cx.J0r4XDaJdjAfF5WP9G2g4le42,Mina.Hedayati.252@gmail.com,09916389867
482,4037378832,Shahram,Alavi,$2a$12$gU.ksqT2pom03Vas2sKiLeb8q2JCBnQqQCCtmm3C6RVDekKWlgdAu,ShahramAlavi.695@gmail.com,09203551371
483,4025150526,Merhrdad,Esfehani,$2a$12$bKyf1mZRVLQpsDk/CaGlee4KgXtFkwbSUNnIulrraFYydbfaQLnpe,Merhrdad.Esfehani.957@gmail.com,09224153035
484,4031118504,Rezvan,Hedayati,$2a$12$QXREo6vqC0t41OM5YbBDue20.ALLnKCA7N3GER9u3D.xzVSD4SpR2,RezvanHedayati.646@gmail.com,09320740898
485,4038099494,Gholam,Farrokhi,$2a$12$pM5sHtVHKNVj.NUl9tNqr.eVUKiikIk.zpfvB1C67MRQkJK9WZQki,GholamFarrokhi.959@gmail.com,09949261061
486,4013927366,Sajedeh,Amini,$2a$12$8QMzHZlpIwcOoenKSDgS.Oj3W2q86nsAz0x/EZHTILA7OHmy.rEg6,Sajedeh.Amini964@gmail.com,09891078433
487,4023322754,Rezvan,Fakhri,$2a$12$vh1Ss35xXpEYhu6CGcQUTOuS8Cy7lGslPeLInret.gyCeFgOqlMlm,RezvanFakhri.908@gmail.com,09277843734
488,4015780870,Hossein,Ebrahimi,$2a$12$O7K4x.jJCD3b450w/fe5aOeSqj9xua2CiKy.kBBwm08xv4yC327i2,HosseinEbrahimi518@gmail.com,09330292728
489,4015917282,Mohsen,Azizi,$2a$12$tz85BZi236UTmbq1jOalke5odAQq9DqECuvRZMQ.BDwlcWw0Od57a,MohsenAzizi540@gmail.com,09758174856
490,4014909088,Mina,Fakhri,$2a$12$kk4lqqYdVAX2Cj.I.8nUcepdc7q5aVKRzyvJEE3X.sbMq2QznAmcO,MinaFakhri512@gmail.com,09278771370
491,4014953700,Bagher,Maleki,$2a$12$lX50Y/C2KTymS2VS/h3.nu/SP4vXzWDgjJeSo/5g.HxZdVqmAZzDC,BagherMaleki.899@gmail.com,09402875381
492,4016651138,Behrooz,Farzaneh,$2a$12$d/BOZCiPqXUhNiAIwi.dZOloAyArVLESIQcCvhTAorrzJk8gh5kQy,BehroozFarzaneh567@gmail.com,09174705951
493,4011306845,Kiana,Amiri,$2a$12$LOv8KtkeKP4/TN4Exk.9neiaV4CD3dLInqlG36kIBnUlAFMgMwkeG,Kiana.Amiri.728@gmail.com,09547909091
494,4028865694,Farangis,Farhadi,$2a$12$uYFukhVdTnD.CfZYdJY9EOPBU9SW5XzT7ooVeaahFGiilI7ptjR6C,Farangis.Farhadi.968@gmail.com,09508470599
495,4021360566,Marzieh,Nikzad,$2a$12$S8yne0CpszB0dLOKF81s3.hPxoOaXB4ETplOEPOFFOtlaNyDnhqN6,MarziehNikzad451@gmail.com,09114862814
496,4025955878,Bahram,Nikzad,$2a$12$Tkj0l9RiMXODnEY/KfeDEeo5vHvhhSnRWa7eTQHlMfgz/b71FrTem,Bahram.Nikzad.781@gmail.com,09420423995
497,4022226242,Chavosh,Nazeri,$2a$12$52ZyIMjSHJIJPIZRUnIoiu5RRTsgheKIWwqmhCrKejZ7G7KalW9/C,Chavosh.Nazeri.739@gmail.com,09785903660
498,4015571214,Bita,Farrokhi,$2a$12$n/IQq4SMSsGZ8drhZXm1GuxWbQSuBdAPXTbm.4TDoFer5WttRS38y,BitaFarrokhi.503@gmail.com,09991179498
499,4013612002,Bita,Hedayati,$2a$12$9kdYdLRr8pRiZSsPqVldweoPZkBVoXtNUgiK99AY3wF5J12Xva8ce,Bita.Hedayati.316@gmail.com,09462398539
